"cname","male","age","edu","income","unemployed","lrscale","post_attack","eu5","imm7"
"Germany",1,67,7,10,0,7,0,6,6
"Germany",1,70,5,1,0,4,0,8,5
"Germany",0,17,2,5,0,0,0,8,6
"Germany",0,33,2,4,0,6,0,5,4
"Germany",0,53,3,7,0,0,0,8,10
"Germany",1,80,6,6,0,3,0,6,6
"Germany",0,50,6,8,0,4,0,9,6
"Germany",0,61,3,4,0,5,0,4,1
"Germany",0,32,5,2,0,3,0,5,7
"Germany",1,17,2,9,0,7,0,7,5
"Germany",0,53,6,10,0,3,0,10,10
"Germany",1,76,5,7,0,5,0,10,8
"Germany",1,49,7,9,0,3,1,8,7
"Germany",0,22,2,3,0,3,0,5,5
"Germany",0,52,7,10,0,2,1,5,6
"Germany",1,55,5,4,0,5,0,9,5
"Germany",1,18,2,8,0,5,0,6,6
"Germany",0,65,6,2,0,5,0,9,7
"Germany",0,17,2,8,0,4,0,7,9
"Germany",1,20,3,7,0,3,1,5,5
"Germany",1,54,6,8,0,3,1,9,6
"Germany",1,40,3,7,0,0,1,5,9
"Germany",1,55,3,8,0,3,1,8,8
"Germany",0,28,3,10,0,5,1,10,7
"Germany",1,24,3,5,0,5,1,4,7
"Germany",0,32,3,4,0,5,1,3,7
"Germany",1,41,5,1,1,2,1,9,8
"Germany",1,31,6,8,0,4,1,1,2
"Germany",0,69,3,1,0,5,0,8,7
"Germany",1,47,3,10,0,6,0,7,8
"Germany",0,40,2,4,0,7,0,4,3
"Germany",0,42,7,10,0,7,0,10,6
"Germany",0,45,6,6,0,7,0,9,3
"Germany",1,43,5,9,0,3,0,7,7
"Germany",1,61,3,4,0,7,0,8,7
"Germany",1,29,7,9,0,6,1,6,5
"Germany",1,15,1,7,0,3,1,6,8
"Germany",1,66,6,9,0,5,0,5,10
"Germany",1,65,5,4,0,6,1,7,5
"Germany",1,36,6,7,0,4,0,5,3
"Germany",0,16,2,2,0,5,0,8,9
"Germany",1,94,3,4,0,4,0,2,8
"Germany",1,59,6,9,0,5,0,9,8
"Germany",1,44,7,9,0,5,0,7,5
"Germany",1,88,5,9,0,7,0,10,5
"Germany",0,48,1,5,0,5,0,4,7
"Germany",1,31,6,8,0,2,0,5,10
"Germany",1,79,3,2,0,5,0,5,5
"Germany",1,46,3,9,1,3,1,10,5
"Germany",0,27,1,1,0,7,0,4,7
"Germany",1,27,2,1,0,5,1,5,5
"Germany",0,52,7,9,0,3,0,5,10
"Germany",0,20,4,7,0,0,1,4,5
"Germany",0,53,6,7,0,0,1,6,9
"Germany",0,58,7,9,0,5,0,8,6
"Germany",1,28,6,5,0,7,0,5,6
"Germany",0,51,5,6,0,5,0,10,9
"Germany",0,76,3,6,0,10,0,5,5
"Germany",0,32,7,10,0,4,0,9,7
"Germany",1,73,2,10,0,1,1,4,5
"Germany",1,33,3,4,0,3,0,5,0
"Germany",1,36,3,3,0,6,0,1,1
"Germany",0,61,7,10,0,5,0,7,8
"Germany",0,22,5,5,0,5,0,5,8
"Germany",1,51,5,7,0,3,0,10,10
"Germany",1,46,7,9,0,6,0,7,4
"Germany",1,55,6,10,0,4,0,2,6
"Germany",1,45,7,9,0,6,0,5,5
"Germany",0,61,3,3,0,5,0,3,2
"Germany",0,64,3,2,0,8,0,6,7
"Germany",1,70,6,6,0,5,0,0,8
"Germany",0,55,3,7,0,5,1,8,7
"Germany",0,57,5,3,0,4,0,6,7
"Germany",1,35,5,7,0,5,0,7,7
"Germany",1,55,5,4,0,5,1,5,3
"Germany",1,27,6,2,0,3,0,10,8
"Germany",0,53,3,10,0,5,0,5,7
"Germany",0,17,2,8,0,8,0,7,7
"Germany",0,38,2,3,0,5,0,8,7
"Germany",0,67,3,3,0,5,1,6,5
"Germany",1,33,7,5,0,2,0,8,8
"Germany",1,68,5,2,0,5,0,0,5
"Germany",1,44,3,9,0,7,1,10,8
"Germany",1,23,3,9,0,6,0,6,0
"Germany",1,25,5,6,0,5,0,7,7
"Germany",0,35,3,5,0,5,0,3,0
"Germany",0,26,7,8,0,2,1,5,6
"Germany",0,23,4,5,0,5,0,8,7
"Germany",1,52,6,10,0,4,1,9,7
"Germany",1,68,3,5,0,3,1,8,4
"Germany",1,66,5,10,0,2,1,4,7
"Germany",1,51,5,7,0,5,0,7,7
"Germany",1,30,3,6,0,4,1,3,5
"Germany",1,76,3,2,0,7,1,5,4
"Germany",0,21,4,7,0,4,1,5,7
"Germany",1,38,2,2,0,5,1,5,8
"Germany",1,66,7,7,0,4,0,5,5
"Germany",0,61,5,7,0,5,1,5,5
"Germany",1,58,5,10,0,5,0,6,3
"Germany",1,40,7,10,0,5,0,7,5
"Germany",0,17,2,6,0,3,0,6,5
"Germany",0,36,5,5,0,5,0,1,2
"Germany",1,22,4,5,0,3,1,5,8
"Germany",1,31,3,6,0,6,0,1,3
"Germany",0,28,3,4,0,4,1,4,4
"Germany",1,53,5,10,0,2,0,2,8
"Germany",0,32,7,5,0,4,0,9,5
"Germany",0,30,3,3,0,5,0,3,3
"Germany",1,47,3,8,0,8,1,7,0
"Germany",0,37,3,9,0,5,0,7,7
"Germany",0,44,5,7,0,5,1,4,3
"Germany",0,59,7,8,0,3,1,9,5
"Germany",0,76,3,7,0,8,0,4,8
"Germany",1,76,3,1,0,2,0,2,9
"Germany",0,40,7,5,0,5,1,10,9
"Germany",1,36,3,1,0,5,1,6,5
"Germany",1,38,5,10,0,5,1,9,7
"Germany",1,26,2,4,0,5,0,7,10
"Germany",1,55,5,8,0,5,0,8,5
"Germany",0,41,5,8,0,4,0,6,10
"Germany",0,39,7,7,0,3,1,8,9
"Germany",1,47,3,7,0,4,1,10,6
"Germany",1,22,4,10,0,3,0,4,6
"Germany",1,55,3,4,0,8,0,7,8
"Germany",0,30,5,5,0,4,0,7,8
"Germany",1,44,3,9,0,5,0,4,5
"Germany",1,50,3,9,0,5,1,3,6
"Germany",1,69,3,4,0,5,0,10,8
"Germany",0,66,5,5,0,5,0,7,5
"Germany",1,39,3,6,0,7,0,8,7
"Germany",1,44,6,3,1,5,0,0,2
"Germany",0,43,5,6,0,3,0,2,8
"Germany",1,53,5,7,0,5,0,6,8
"Germany",0,57,3,10,0,3,0,10,9
"Germany",0,21,5,10,0,5,0,8,8
"Germany",1,28,3,1,1,5,1,10,3
"Germany",1,69,5,4,0,6,0,5,9
"Germany",0,49,6,9,1,6,0,6,4
"Germany",1,59,3,3,0,4,0,10,8
"Germany",1,52,7,8,0,7,0,2,8
"Germany",1,39,3,10,0,6,0,6,4
"Germany",0,51,3,9,0,5,0,5,1
"Germany",1,36,3,6,0,5,0,1,8
"Germany",1,37,7,5,0,4,0,10,10
"Germany",0,45,3,1,0,7,0,5,8
"Germany",0,36,7,10,0,6,0,5,5
"Germany",0,17,1,9,0,3,1,6,7
"Germany",0,25,7,10,0,4,1,9,8
"Germany",0,32,7,10,0,3,0,8,4
"Germany",0,62,7,4,0,2,0,8,8
"Germany",1,65,5,10,0,8,0,8,2
"Germany",1,27,3,10,0,5,0,4,9
"Germany",0,70,3,8,0,5,0,8,3
"Germany",0,19,2,10,0,5,0,6,2
"Germany",1,16,2,7,0,6,0,7,8
"Germany",0,42,5,8,0,5,0,6,5
"Germany",1,23,5,2,0,3,0,3,7
"Germany",0,67,3,2,0,2,0,5,7
"Germany",0,34,3,7,0,5,0,6,4
"Germany",1,44,4,10,0,3,1,10,7
"Germany",1,27,3,10,0,1,0,6,8
"Germany",0,40,5,9,0,3,0,5,5
"Germany",1,35,6,10,0,5,0,10,7
"Germany",0,34,5,6,0,2,1,8,9
"Germany",1,54,7,8,0,3,0,7,3
"Germany",1,28,5,3,0,3,1,10,8
"Germany",1,27,5,7,0,7,0,3,2
"Germany",0,77,3,2,0,5,0,4,4
"Germany",1,20,3,10,0,5,0,8,7
"Germany",1,20,2,4,0,6,0,4,4
"Germany",0,48,5,10,0,0,0,7,5
"Germany",1,49,5,9,0,5,0,7,5
"Germany",0,50,3,6,0,2,0,7,6
"Germany",0,49,3,3,0,3,0,6,4
"Germany",1,30,3,3,0,8,1,0,5
"Germany",0,21,2,7,1,3,0,2,4
"Germany",1,40,3,1,0,5,1,10,6
"Germany",1,16,2,6,0,4,0,8,6
"Germany",1,18,2,7,0,6,0,6,5
"Germany",1,50,6,10,0,7,0,6,6
"Germany",1,47,3,10,0,6,0,1,8
"Germany",0,75,3,3,0,3,0,4,7
"Germany",0,41,6,5,0,3,0,10,8
"Germany",1,48,5,4,0,3,1,7,7
"Germany",1,28,6,1,0,7,0,7,8
"Germany",0,17,2,8,0,3,0,7,7
"Germany",1,75,5,3,0,5,0,5,5
"Germany",0,26,7,10,0,5,0,10,10
"Germany",0,20,5,8,0,7,0,8,8
"Germany",1,34,6,7,0,4,0,6,9
"Germany",0,65,3,5,0,4,0,1,2
"Germany",1,35,7,2,0,3,0,5,7
"Germany",1,60,7,3,0,3,0,8,6
"Germany",1,22,3,4,0,5,0,3,5
"Germany",0,20,4,9,0,7,0,10,5
"Germany",1,65,5,5,0,2,0,2,3
"Germany",1,59,6,10,0,7,0,8,7
"Germany",1,44,7,1,1,7,0,2,2
"Germany",0,44,7,9,0,4,0,3,7
"Germany",0,29,3,4,0,5,0,5,5
"Germany",1,50,3,8,0,3,0,2,5
"Germany",1,46,7,7,0,6,0,4,4
"Germany",1,25,4,2,0,5,0,5,10
"Germany",0,82,1,2,0,4,1,8,6
"Germany",1,63,7,4,0,0,0,0,4
"Germany",1,23,6,2,0,4,0,5,8
"Germany",0,16,1,6,0,4,0,4,8
"Germany",0,66,3,4,0,5,0,5,5
"Germany",0,48,3,5,0,3,0,3,7
"Germany",1,52,5,10,0,5,0,8,6
"Germany",0,57,3,2,1,3,0,3,6
"Germany",0,51,3,3,0,5,0,2,6
"Germany",1,33,3,4,0,8,0,1,5
"Germany",1,52,3,6,0,2,0,3,7
"Germany",1,36,3,9,0,6,0,6,3
"Germany",1,32,2,7,0,6,0,4,2
"Germany",0,54,5,6,0,5,0,6,1
"Germany",1,26,5,2,0,3,0,9,8
"Germany",0,49,3,10,0,4,0,7,8
"Germany",0,38,5,5,0,2,0,5,7
"Germany",1,66,7,2,0,1,0,2,5
"Germany",1,64,5,7,0,0,0,10,8
"Germany",0,73,6,6,0,5,0,9,7
"Germany",1,62,3,5,0,5,0,7,7
"Germany",0,50,7,5,0,3,0,6,8
"Germany",1,37,3,4,0,5,1,6,5
"Germany",0,76,3,4,0,2,1,7,5
"Germany",0,38,3,6,0,5,0,5,4
"Germany",0,29,3,2,1,5,0,4,5
"Germany",1,55,3,7,0,5,1,4,5
"Germany",0,58,3,2,0,3,0,4,7
"Germany",1,72,3,4,0,5,0,4,3
"Germany",0,23,3,6,0,5,0,5,4
"Germany",1,17,2,1,0,7,0,4,2
"Germany",1,74,3,3,0,5,0,4,3
"Germany",0,56,3,7,0,3,0,10,2
"Germany",1,78,3,7,0,3,0,10,7
"Germany",1,36,5,8,0,6,0,10,5
"Germany",1,79,3,5,0,3,0,6,6
"Germany",0,38,3,3,0,3,0,5,5
"Germany",1,19,2,8,0,5,1,6,4
"Germany",0,72,7,5,0,0,0,10,8
"Germany",1,24,5,1,0,3,1,9,7
"Germany",0,37,3,7,0,5,0,3,4
"Germany",1,48,7,9,0,3,0,3,4
"Germany",0,17,1,6,0,5,1,7,5
"Germany",0,34,5,7,0,5,0,7,5
"Germany",1,48,6,5,0,4,0,9,7
"Germany",0,51,6,10,0,2,0,3,5
"Germany",0,50,6,3,0,5,0,3,2
"Germany",0,48,3,9,0,5,0,5,4
"Germany",0,74,3,2,0,5,0,0,2
"Germany",0,39,5,4,0,5,1,1,2
"Germany",0,37,5,4,0,4,0,2,0
"Germany",0,36,7,4,0,3,0,0,1
"Germany",1,39,7,3,0,6,0,1,1
"Germany",1,54,3,1,1,5,0,2,5
"Germany",1,48,3,3,0,5,0,0,1
"Germany",0,63,3,1,0,5,0,1,10
"Germany",1,49,7,6,0,8,0,0,3
"Germany",1,57,3,3,0,5,0,0,3
"Germany",1,50,3,8,0,2,1,0,8
"Germany",0,23,6,9,0,6,0,4,3
"Germany",1,36,3,6,0,5,1,6,8
"Germany",0,36,7,9,0,2,0,5,8
"Germany",1,59,5,6,0,5,0,5,6
"Germany",1,67,3,1,0,5,1,4,5
"Germany",0,35,3,1,1,5,0,2,2
"Germany",1,41,3,1,0,5,0,8,7
"Germany",1,54,3,1,1,5,1,2,0
"Germany",1,47,3,4,0,5,1,9,1
"Germany",0,20,3,8,0,5,0,4,1
"Germany",0,24,3,4,1,5,1,1,2
"Germany",0,43,3,6,0,5,1,10,8
"Germany",1,77,7,5,0,3,0,2,5
"Germany",0,31,3,1,1,5,0,0,0
"Germany",1,84,2,2,0,3,0,7,6
"Germany",1,51,5,5,0,6,1,3,6
"Germany",1,61,3,2,0,5,1,8,5
"Germany",0,67,3,4,0,2,0,6,2
"Germany",1,36,3,5,0,3,1,5,8
"Germany",0,59,3,5,0,5,0,0,0
"Germany",1,58,3,6,0,5,1,2,5
"Germany",0,80,3,1,0,8,0,10,5
"Germany",0,27,6,2,0,0,0,7,8
"Germany",1,77,5,1,0,2,0,5,4
"Germany",1,59,7,7,0,6,0,0,3
"Germany",1,28,5,9,0,5,0,5,5
"Germany",0,26,4,2,0,2,0,7,8
"Germany",1,23,5,10,0,7,0,3,5
"Germany",0,48,7,5,0,3,0,4,5
"Germany",1,79,7,5,0,5,0,6,7
"Germany",0,40,3,6,0,3,1,7,6
"Germany",1,58,3,1,1,3,0,1,0
"Germany",1,36,3,7,0,7,0,2,1
"Germany",0,64,3,3,0,5,0,3,7
"Germany",0,22,4,8,0,5,0,9,8
"Germany",1,24,4,9,0,3,0,10,7
"Germany",0,62,3,7,0,0,1,10,8
"Germany",0,22,3,1,0,2,0,9,7
"Germany",0,26,6,5,0,4,1,7,8
"Germany",0,55,3,7,0,6,0,8,7
"Germany",1,72,5,9,0,6,0,3,5
"Germany",0,61,3,3,0,6,0,4,4
"Germany",1,59,5,8,0,3,0,5,5
"Germany",0,16,1,9,0,0,0,3,5
"Germany",0,47,7,8,0,4,0,6,8
"Germany",1,25,3,7,0,4,0,7,4
"Germany",1,47,5,10,0,7,1,3,6
"Germany",0,15,2,6,0,6,0,6,7
"Germany",0,59,3,1,0,5,0,3,5
"Germany",1,40,6,9,0,6,0,4,7
"Germany",1,53,3,7,0,5,0,3,7
"Germany",0,76,3,6,0,5,0,2,7
"Germany",0,67,3,7,0,5,0,8,5
"Germany",0,15,1,1,0,5,1,5,5
"Germany",0,68,3,3,0,9,0,9,4
"Germany",0,54,7,4,0,4,0,7,5
"Germany",1,54,5,9,0,3,0,6,5
"Germany",0,62,3,10,0,5,0,9,8
"Germany",0,79,3,3,0,8,1,8,8
"Germany",0,57,3,10,0,2,0,9,0
"Germany",1,28,3,9,0,7,0,5,2
"Germany",0,47,3,8,0,5,1,8,8
"Germany",1,70,5,7,0,4,1,2,5
"Germany",1,59,5,9,0,4,0,8,7
"Germany",1,58,7,10,0,3,0,7,8
"Germany",0,58,6,10,0,0,0,10,10
"Germany",0,67,7,10,0,4,0,10,7
"Germany",1,61,3,10,0,5,0,10,6
"Germany",0,68,7,8,0,5,0,5,7
"Germany",1,65,3,1,1,8,0,6,7
"Germany",1,60,6,4,1,3,0,8,2
"Germany",0,46,5,10,0,5,0,10,9
"Germany",1,54,3,2,0,5,0,8,9
"Germany",1,53,5,8,0,5,0,9,8
"Germany",0,52,5,8,0,6,1,10,3
"Germany",0,71,2,5,0,2,0,6,7
"Germany",1,20,3,2,0,2,0,0,8
"Germany",0,38,7,9,0,8,0,5,6
"Germany",0,60,3,9,1,4,0,8,6
"Germany",0,31,7,2,0,3,0,6,5
"Germany",0,62,5,3,0,6,0,3,7
"Germany",0,50,5,6,0,5,0,4,5
"Germany",1,60,3,1,0,4,0,8,6
"Germany",1,42,3,5,0,7,0,6,5
"Germany",0,64,5,5,0,4,1,10,9
"Germany",0,50,3,6,0,6,0,4,3
"Germany",1,61,5,4,0,10,0,2,5
"Germany",1,53,3,1,1,2,0,10,7
"Germany",0,33,5,10,0,7,0,5,5
"Germany",1,51,3,4,0,5,1,5,7
"Germany",1,69,6,6,0,3,0,8,8
"Germany",0,69,3,5,0,1,0,5,7
"Germany",1,78,7,7,0,5,0,5,5
"Germany",0,52,5,7,0,5,1,5,8
"Germany",0,17,2,1,0,3,0,4,5
"Germany",1,71,7,3,0,4,0,7,8
"Germany",1,42,3,9,0,2,0,8,7
"Germany",1,19,2,7,0,0,0,6,7
"Germany",0,70,7,9,0,1,0,7,10
"Germany",1,32,3,6,0,6,1,8,2
"Germany",1,29,5,6,1,5,0,7,3
"Germany",1,80,5,3,0,5,0,8,6
"Germany",1,57,3,10,0,5,1,8,4
"Germany",1,79,3,4,0,5,0,1,5
"Germany",0,56,7,10,0,5,0,5,5
"Germany",0,55,3,8,0,5,0,9,6
"Germany",0,61,6,10,0,4,0,5,5
"Germany",1,39,3,5,0,7,0,10,3
"Germany",0,64,3,7,0,2,0,5,5
"Germany",1,31,5,7,0,7,0,2,5
"Germany",0,76,3,3,0,1,0,5,5
"Germany",0,43,3,9,0,2,1,8,4
"Germany",1,39,2,8,0,7,0,8,4
"Germany",1,65,3,6,0,6,0,8,6
"Germany",1,80,5,4,0,0,0,10,1
"Germany",0,35,5,9,0,3,0,4,7
"Germany",0,52,3,1,1,2,1,0,0
"Germany",0,57,3,7,0,6,0,3,7
"Germany",0,53,3,4,0,5,1,8,7
"Germany",0,40,6,7,0,4,1,4,4
"Germany",0,16,2,8,0,5,0,6,7
"Germany",1,55,5,7,0,3,0,3,8
"Germany",1,62,3,8,0,3,0,3,5
"Germany",1,68,3,8,0,1,0,9,8
"Germany",1,52,5,8,0,6,0,10,10
"Germany",0,75,3,3,0,3,0,8,7
"Estonia",0,64,7,6,0,8,0,7,8
"Estonia",1,23,5,4,0,5,0,5,5
"Estonia",0,57,4,5,0,8,0,7,8
"Estonia",0,27,5,4,0,7,1,1,1
"Estonia",0,21,2,1,1,5,0,5,2
"Estonia",1,26,6,6,0,9,0,8,7
"Estonia",1,59,4,7,0,5,0,7,6
"Estonia",0,82,7,2,0,5,0,5,0
"Estonia",1,31,2,7,0,5,1,5,5
"Estonia",1,56,7,4,0,3,0,10,8
"Estonia",1,32,6,9,0,4,0,5,6
"Estonia",0,59,5,8,0,5,1,10,3
"Estonia",0,40,5,8,0,4,0,5,4
"Estonia",1,20,4,8,0,5,0,6,5
"Estonia",0,20,4,8,0,4,0,5,9
"Estonia",0,17,2,5,0,6,0,8,6
"Estonia",0,60,5,1,0,5,0,2,5
"Estonia",0,17,2,4,0,3,0,2,6
"Estonia",1,36,5,4,0,5,0,6,3
"Estonia",0,48,2,8,0,5,0,3,6
"Estonia",1,39,3,3,0,4,0,0,5
"Estonia",1,32,7,10,0,9,0,3,5
"Estonia",0,26,2,5,0,9,0,5,8
"Estonia",1,37,5,9,0,9,0,9,8
"Estonia",1,29,6,8,0,5,0,9,5
"Estonia",1,29,4,8,0,8,0,7,7
"Estonia",0,75,7,4,0,4,0,5,5
"Estonia",1,31,4,9,0,7,0,5,2
"Estonia",0,66,7,2,0,5,0,1,3
"Estonia",1,65,4,4,0,5,0,3,3
"Estonia",0,40,4,5,0,4,0,2,2
"Estonia",1,42,4,7,0,5,0,5,3
"Estonia",0,46,5,8,0,5,0,0,1
"Estonia",1,34,2,5,0,5,0,5,5
"Estonia",1,59,5,1,1,5,1,0,0
"Estonia",1,73,2,1,0,0,0,4,5
"Estonia",1,54,7,10,0,8,0,5,8
"Estonia",1,41,4,4,0,5,1,6,3
"Estonia",0,44,6,5,0,6,1,4,5
"Estonia",0,21,3,2,0,5,0,0,5
"Estonia",1,43,5,5,0,3,0,8,6
"Estonia",1,32,7,10,0,7,0,10,9
"Estonia",1,80,2,4,0,5,0,0,0
"Estonia",1,70,4,1,0,4,0,1,5
"Estonia",0,57,3,4,0,5,0,5,5
"Estonia",1,24,2,7,0,8,0,9,1
"Estonia",0,56,7,7,0,5,0,0,5
"Estonia",1,63,5,6,0,7,0,1,1
"Estonia",0,34,5,7,0,6,0,3,2
"Estonia",0,30,6,4,0,4,0,7,3
"Estonia",1,29,4,5,0,5,0,1,8
"Estonia",0,56,4,3,0,5,1,4,6
"Estonia",0,61,5,1,0,4,0,1,5
"Estonia",0,41,6,9,0,5,1,6,5
"Estonia",1,33,4,6,0,9,0,7,7
"Estonia",0,48,2,1,1,2,1,6,7
"Estonia",1,48,4,4,1,5,1,5,2
"Estonia",1,35,5,10,0,2,0,5,6
"Estonia",1,35,2,8,0,5,0,7,6
"Estonia",1,81,7,6,0,4,1,2,1
"Estonia",1,65,4,3,0,7,0,8,6
"Estonia",0,58,4,2,0,8,0,8,9
"Estonia",1,57,4,7,0,4,0,8,0
"Estonia",1,50,4,3,0,3,0,2,2
"Estonia",1,29,3,9,0,5,1,2,4
"Estonia",0,62,7,1,0,5,0,5,5
"Estonia",1,63,4,3,0,5,1,0,5
"Estonia",0,65,5,7,0,5,1,5,5
"Estonia",0,33,4,5,0,5,0,6,6
"Estonia",0,75,4,1,0,6,0,2,5
"Estonia",1,30,6,10,0,10,0,8,8
"Estonia",0,42,6,10,0,8,1,7,5
"Estonia",0,35,4,6,0,5,0,9,7
"Estonia",1,38,2,4,1,6,0,1,2
"Estonia",0,40,6,3,0,4,0,8,3
"Estonia",1,81,4,3,0,7,0,2,5
"Estonia",1,47,6,9,0,3,0,3,6
"Estonia",1,60,4,5,0,5,0,6,4
"Estonia",1,63,4,6,0,3,0,5,4
"Estonia",0,77,5,7,0,10,1,2,5
"Estonia",0,50,6,9,0,9,0,6,8
"Estonia",0,66,5,5,0,8,0,2,6
"Estonia",1,35,2,6,0,5,0,4,0
"Estonia",1,38,6,9,0,8,0,10,10
"Estonia",0,45,6,8,0,7,0,6,5
"Estonia",1,43,4,4,0,8,0,0,5
"Estonia",0,75,6,3,0,8,0,6,3
"Estonia",1,41,5,7,0,5,1,5,7
"Estonia",0,31,2,6,0,5,0,5,2
"Estonia",1,38,4,5,0,1,0,0,1
"Estonia",0,56,7,8,0,6,0,8,2
"Estonia",0,69,5,3,0,5,0,1,2
"Estonia",1,61,5,5,0,1,1,1,2
"Estonia",0,77,2,1,0,5,0,4,1
"Estonia",1,80,2,5,0,5,0,3,5
"Estonia",0,40,4,6,0,5,0,8,5
"Estonia",0,48,5,3,0,8,0,3,8
"Estonia",1,59,5,5,0,5,1,0,4
"Estonia",0,46,4,5,0,5,0,4,7
"Estonia",1,55,4,4,0,3,0,3,2
"Estonia",0,59,5,3,0,5,0,1,5
"Estonia",0,75,4,2,0,7,0,5,8
"Estonia",0,63,6,3,0,5,1,1,5
"Estonia",0,52,7,10,0,5,0,8,5
"Estonia",1,34,4,8,0,8,0,8,6
"Estonia",1,42,4,7,0,9,1,10,2
"Estonia",1,73,4,3,0,4,0,4,3
"Estonia",1,35,4,8,0,7,0,4,3
"Estonia",0,43,6,5,0,7,1,6,7
"Estonia",0,66,7,3,0,5,0,1,8
"Estonia",0,29,4,9,0,9,0,7,5
"Estonia",0,61,5,1,0,0,0,6,3
"Estonia",1,40,7,10,0,6,1,2,7
"Estonia",1,33,7,3,0,3,1,7,7
"Estonia",0,49,7,10,0,8,0,7,7
"Estonia",1,65,7,5,0,2,0,5,7
"Estonia",0,48,6,6,0,5,0,3,4
"Estonia",0,35,4,5,0,5,1,3,5
"Estonia",0,32,5,5,0,4,0,7,7
"Estonia",1,44,4,8,0,3,0,7,7
"Estonia",0,32,4,2,0,8,0,5,6
"Estonia",0,27,4,7,0,8,1,6,8
"Estonia",1,49,7,6,0,7,0,7,7
"Estonia",0,18,2,9,0,5,0,1,5
"Estonia",0,32,4,4,0,9,0,6,8
"Estonia",1,31,4,4,0,4,0,5,4
"Estonia",1,27,4,4,0,6,0,7,6
"Estonia",1,45,2,6,0,6,0,4,4
"Estonia",1,18,2,7,0,5,0,4,0
"Estonia",0,27,2,3,0,3,0,5,4
"Estonia",0,23,6,4,0,5,0,0,5
"Estonia",0,29,4,3,1,5,0,5,3
"Estonia",0,21,5,6,0,7,0,5,4
"Estonia",0,55,5,9,0,5,0,0,2
"Estonia",1,35,2,9,0,5,1,6,5
"Estonia",0,75,7,7,0,4,0,7,5
"Estonia",0,34,7,1,1,5,0,10,5
"Estonia",1,62,4,3,0,5,1,0,5
"Estonia",0,49,4,2,0,5,0,8,7
"Estonia",1,64,7,5,0,5,1,3,1
"Estonia",1,77,2,3,0,5,0,3,5
"Estonia",1,42,4,7,0,0,1,2,1
"Estonia",0,30,5,4,0,5,0,8,6
"Estonia",0,69,4,1,0,5,1,4,4
"Estonia",1,54,4,5,0,5,0,5,5
"Estonia",0,49,3,6,0,5,0,5,5
"Estonia",0,41,4,4,0,5,0,1,3
"Estonia",1,42,2,7,0,5,1,5,9
"Estonia",0,72,4,3,0,5,0,0,0
"Estonia",0,50,4,1,0,5,0,2,5
"Estonia",0,42,7,9,0,6,0,8,8
"Estonia",1,59,4,3,0,5,0,4,7
"Estonia",0,35,7,9,0,8,0,7,5
"Estonia",1,57,5,4,0,5,0,0,10
"Estonia",1,32,4,6,0,5,0,2,2
"Estonia",0,32,6,8,0,5,0,5,4
"Estonia",1,64,2,3,0,5,0,0,2
"Estonia",0,36,4,8,1,5,0,5,5
"Estonia",1,58,7,10,0,9,0,7,5
"Estonia",0,51,4,6,1,5,0,5,5
"Estonia",0,51,4,2,0,5,0,3,5
"Estonia",0,40,6,7,0,5,1,7,5
"Estonia",1,61,6,7,0,6,0,5,4
"Estonia",0,26,6,5,1,5,1,2,3
"Estonia",0,47,4,8,0,6,0,6,6
"Estonia",0,32,2,5,0,9,0,1,1
"Estonia",0,55,5,4,0,5,0,2,5
"Estonia",0,53,4,7,0,5,0,3,5
"Estonia",0,38,4,7,0,8,0,5,5
"Estonia",0,79,2,1,0,5,0,2,2
"Estonia",0,34,4,8,0,7,0,5,4
"Estonia",0,35,6,7,0,5,0,4,6
"Estonia",1,21,4,2,0,5,0,3,5
"Estonia",1,38,4,9,0,5,0,3,5
"Estonia",0,56,6,5,0,5,1,3,4
"Estonia",0,61,5,3,0,2,1,0,0
"Estonia",0,45,5,3,0,7,0,3,6
"Estonia",1,58,4,2,0,6,0,5,8
"Estonia",0,24,5,8,0,5,0,6,7
"Estonia",1,30,6,9,0,5,0,5,5
"Estonia",0,53,5,5,0,7,0,4,5
"Estonia",0,45,5,4,0,8,0,2,6
"Estonia",0,37,6,10,0,5,0,2,2
"Estonia",1,19,5,8,0,7,0,7,7
"Estonia",0,20,4,5,0,5,0,4,4
"Estonia",1,32,2,4,0,9,0,1,1
"Estonia",0,40,7,8,0,7,1,8,8
"Estonia",0,63,7,5,0,7,0,9,8
"Estonia",0,41,5,5,0,8,0,7,5
"Estonia",0,31,4,2,0,6,0,3,0
"Estonia",0,50,7,10,0,4,0,7,7
"Estonia",1,59,6,7,0,4,0,6,8
"Estonia",1,21,4,6,0,7,1,6,5
"Estonia",0,50,5,7,0,7,0,4,5
"Estonia",1,53,6,9,0,6,0,6,8
"Estonia",0,27,4,3,0,6,0,6,3
"Estonia",0,17,2,8,0,6,0,0,5
"Estonia",0,47,5,5,0,5,0,4,5
"Estonia",0,17,2,7,0,5,1,7,6
"Estonia",1,20,4,3,0,5,0,6,5
"Estonia",0,63,5,3,0,5,1,5,5
"Estonia",1,74,5,3,0,0,1,0,0
"Estonia",0,25,6,8,0,6,1,5,6
"Estonia",0,29,4,8,0,9,0,5,2
"Estonia",0,26,7,9,1,5,0,10,10
"Estonia",1,16,2,10,0,8,0,10,5
"Estonia",0,41,5,6,0,5,0,4,6
"Estonia",1,45,4,2,1,4,0,5,2
"Estonia",0,51,4,5,0,5,0,5,3
"Estonia",0,39,6,10,0,6,1,6,7
"Estonia",1,23,6,10,0,10,0,5,3
"Estonia",0,57,5,6,0,3,0,2,2
"Estonia",1,51,4,8,0,6,0,7,5
"Estonia",1,56,7,6,0,9,0,1,7
"Estonia",1,50,6,1,0,10,0,0,7
"Estonia",1,63,7,7,0,3,1,8,8
"Estonia",0,45,6,7,0,5,0,7,7
"Estonia",0,34,7,7,0,3,0,3,4
"Estonia",0,44,5,5,1,5,0,10,5
"Estonia",1,27,4,2,0,3,1,10,7
"Estonia",1,68,2,2,0,5,0,5,5
"Estonia",0,45,7,10,0,7,0,5,3
"Estonia",0,39,7,9,0,10,0,9,8
"Estonia",1,56,5,4,0,7,1,3,5
"Estonia",0,36,4,2,0,6,1,4,3
"Estonia",1,24,4,5,0,5,0,2,3
"Estonia",0,35,7,4,0,0,0,1,5
"Estonia",1,71,6,4,0,7,1,3,2
"Estonia",0,50,7,5,0,5,0,5,2
"Estonia",0,22,4,10,0,5,1,6,8
"Estonia",1,62,5,4,0,3,1,3,5
"Estonia",1,55,7,10,0,9,0,10,10
"Estonia",1,48,6,9,0,7,0,4,5
"Estonia",1,57,2,6,1,3,1,2,0
"Estonia",1,72,4,1,0,5,0,5,5
"Estonia",0,17,2,8,0,6,0,5,8
"Estonia",0,42,7,8,0,3,0,1,5
"Estonia",1,55,7,6,0,6,1,8,7
"Estonia",0,68,7,3,0,5,0,5,3
"Estonia",0,15,2,4,0,4,1,4,5
"Estonia",0,39,6,4,0,9,0,5,5
"Estonia",1,67,4,5,0,5,0,8,5
"Estonia",0,54,6,3,0,5,0,5,8
"Estonia",1,27,6,10,0,6,0,5,6
"Estonia",0,53,2,3,0,5,0,8,9
"Estonia",0,16,2,5,0,7,0,4,3
"Estonia",0,40,4,4,0,5,0,3,5
"Estonia",0,29,4,9,0,5,1,4,2
"Estonia",0,29,4,3,0,5,1,5,5
"Estonia",0,51,7,6,0,7,0,3,5
"Estonia",0,44,4,2,0,5,0,2,1
"Estonia",1,58,2,1,0,4,0,5,4
"Estonia",0,35,4,2,0,5,0,5,5
"Estonia",0,51,4,3,0,5,0,5,0
"Estonia",0,49,4,4,0,5,0,1,3
"Estonia",1,45,4,5,0,6,0,7,5
"Estonia",1,57,5,7,0,6,1,7,5
"Estonia",1,44,7,10,0,7,0,6,5
"Estonia",1,49,6,10,0,10,0,1,2
"Estonia",0,19,4,5,0,5,1,6,4
"Estonia",0,49,7,10,0,8,0,3,7
"Estonia",1,25,6,4,0,5,0,7,6
"Estonia",0,67,7,4,0,4,0,1,5
"Estonia",1,85,4,4,0,5,1,4,4
"Estonia",0,31,6,9,0,5,0,8,6
"Estonia",1,34,3,8,0,5,0,8,3
"Estonia",0,22,4,8,0,3,1,7,7
"Estonia",0,41,5,2,0,5,0,0,0
"Estonia",0,60,4,4,0,5,0,4,5
"Estonia",1,56,7,9,0,3,0,6,3
"Estonia",1,24,5,9,0,7,0,0,1
"Estonia",0,26,7,7,0,5,0,6,7
"Estonia",0,72,2,2,0,6,1,5,7
"Estonia",1,31,5,8,0,6,0,3,4
"Estonia",0,63,5,5,0,2,1,5,4
"Estonia",0,68,4,2,0,5,0,0,1
"Estonia",1,55,5,3,1,5,0,3,7
"Estonia",0,42,4,2,0,5,0,3,2
"Estonia",0,32,6,5,0,5,0,3,0
"Estonia",0,40,4,7,0,5,1,7,5
"Estonia",1,48,3,5,0,7,0,0,6
"Estonia",1,50,7,8,0,6,0,3,5
"Estonia",0,39,2,6,0,5,0,4,2
"Estonia",0,32,6,3,0,6,0,6,4
"Estonia",1,44,6,7,0,5,1,0,4
"Estonia",1,29,5,9,0,4,1,1,5
"Estonia",0,40,4,6,0,5,0,0,5
"Estonia",0,67,7,9,0,9,0,5,5
"Estonia",0,23,5,9,0,7,0,1,8
"Estonia",1,43,5,9,0,6,0,4,2
"Estonia",0,52,4,2,0,6,0,3,5
"Estonia",1,36,5,6,0,7,0,5,3
"Estonia",1,60,4,3,0,5,1,8,3
"Estonia",0,69,7,3,0,5,0,3,2
"Estonia",0,59,7,9,0,5,1,5,0
"Estonia",1,34,4,10,0,5,0,0,10
"Estonia",1,29,4,7,0,5,0,3,3
"Estonia",1,32,7,7,0,6,0,7,6
"Estonia",1,47,6,10,0,8,0,5,7
"Estonia",0,62,5,5,0,6,0,8,7
"Estonia",0,31,7,9,0,6,1,6,5
"Estonia",1,52,5,1,1,5,0,5,5
"Estonia",1,30,6,5,0,1,1,5,5
"Estonia",1,50,4,3,0,5,1,1,3
"Estonia",1,41,4,1,0,5,0,9,9
"Estonia",0,21,4,3,1,5,1,3,8
"Estonia",0,19,4,5,0,5,1,2,2
"Estonia",1,48,5,5,0,5,1,0,1
"Estonia",1,30,4,4,0,5,0,2,5
"Estonia",0,52,7,9,0,5,0,6,6
"Estonia",0,35,6,9,0,7,0,3,1
"Estonia",0,35,7,5,0,6,0,3,5
"Estonia",1,38,4,4,0,5,1,0,0
"Estonia",0,65,7,3,0,7,0,3,6
"Estonia",0,67,5,3,0,5,0,0,5
"Estonia",1,84,4,4,0,5,1,0,4
"Estonia",0,51,5,3,0,5,0,6,5
"Estonia",1,62,4,3,0,5,0,2,5
"Estonia",1,68,4,5,0,5,1,6,3
"Estonia",0,48,5,4,0,5,0,5,5
"Estonia",1,38,6,10,0,0,0,0,5
"Estonia",1,60,7,10,0,5,0,6,5
"Estonia",0,41,5,3,0,5,1,3,8
"Estonia",0,57,4,8,0,5,1,3,2
"Estonia",0,76,5,4,0,6,0,3,4
"Estonia",1,54,1,4,0,5,0,8,4
"Estonia",1,44,4,7,0,5,0,7,6
"Estonia",1,27,7,8,0,8,1,6,6
"Estonia",1,27,2,9,0,5,1,0,6
"Estonia",0,76,4,3,0,0,0,1,5
"Estonia",0,63,2,1,0,5,0,5,5
"Estonia",1,47,5,8,0,8,0,0,2
"Estonia",0,29,2,3,0,5,0,5,8
"Estonia",1,61,2,3,0,5,0,0,0
"Estonia",1,54,5,7,0,5,1,0,5
"Estonia",0,30,4,3,0,4,0,5,0
"Estonia",1,27,4,8,1,2,0,3,7
"Estonia",1,18,2,3,1,6,0,3,2
"Estonia",0,67,4,6,0,6,0,5,3
"Estonia",0,86,4,4,0,10,0,8,5
"Estonia",0,76,4,3,0,7,0,1,0
"Estonia",0,36,6,9,0,3,0,8,6
"Estonia",0,40,7,10,0,10,1,5,5
"Estonia",0,81,2,3,0,5,0,5,5
"Estonia",1,49,4,10,0,5,1,0,0
"Estonia",1,22,4,6,0,5,1,5,10
"Estonia",0,52,7,8,0,6,0,3,6
"Estonia",1,55,4,6,0,5,0,4,2
"Estonia",1,38,3,5,0,5,0,0,5
"Estonia",1,19,2,5,0,5,1,3,0
"Estonia",1,51,5,4,0,5,0,5,5
"Estonia",0,29,5,4,0,5,1,5,6
"Estonia",0,47,5,6,0,5,0,5,5
"Estonia",0,39,4,2,0,4,0,7,4
"Estonia",1,40,5,8,0,6,0,6,6
"Estonia",1,50,4,4,0,6,0,4,1
"Estonia",0,78,5,1,0,5,0,5,0
"Estonia",0,38,6,8,0,10,1,6,9
"Estonia",0,60,7,8,0,7,1,5,5
"Estonia",0,37,4,9,0,6,0,7,1
"Estonia",1,75,4,2,0,5,0,6,3
"Estonia",0,29,6,9,0,5,0,5,5
"Estonia",0,60,5,4,0,6,0,1,6
"Estonia",1,49,3,7,0,5,0,3,5
"Estonia",0,62,4,3,0,9,0,4,6
"Estonia",0,56,7,7,0,5,0,4,5
"Estonia",1,54,7,9,0,8,0,4,9
"Estonia",1,42,6,7,0,10,0,2,10
"Estonia",1,42,2,2,0,5,0,6,7
"Estonia",1,45,4,7,0,3,0,2,2
"Estonia",0,22,4,7,0,7,1,2,3
"Estonia",1,57,6,6,0,8,1,2,6
"Estonia",1,28,5,8,0,7,0,5,6
"Estonia",1,44,5,6,0,3,0,0,4
"Estonia",1,35,4,8,0,7,1,7,7
"Estonia",0,66,7,8,0,8,0,5,7
"Estonia",1,31,6,10,0,9,1,10,8
"Estonia",1,58,4,4,0,5,0,6,5
"Estonia",0,45,4,6,0,7,1,3,4
"Estonia",0,42,4,5,0,4,0,5,5
"Estonia",1,32,2,9,0,7,0,4,3
"Estonia",1,18,2,3,0,7,1,8,0
"Estonia",1,36,4,8,0,5,1,5,7
"Estonia",1,66,4,3,0,5,0,5,1
"Estonia",1,48,4,3,0,8,0,5,2
"Estonia",0,65,4,4,0,5,1,1,4
"Estonia",0,16,2,5,0,5,1,8,5
"Estonia",0,50,5,1,0,8,1,9,8
"Estonia",0,52,6,10,0,6,0,3,5
"Estonia",0,50,5,3,0,6,1,8,8
"Estonia",0,37,4,6,1,5,0,10,3
"Estonia",0,37,6,7,0,5,0,6,6
"Estonia",1,56,4,7,0,1,0,0,0
"Estonia",1,70,3,1,0,10,0,6,8
"Estonia",0,57,4,1,0,1,1,1,3
"Estonia",1,37,7,9,0,6,0,6,6
"Estonia",1,49,7,9,0,8,1,8,6
"Estonia",0,39,6,7,0,5,0,8,1
"Estonia",0,42,7,10,0,4,0,2,6
"Estonia",1,45,5,3,0,5,0,3,5
"Estonia",1,65,4,6,0,7,0,7,5
"Estonia",0,18,2,5,0,5,0,5,7
"Estonia",0,45,4,6,0,7,1,6,6
"Estonia",0,78,2,1,0,5,0,10,5
"Estonia",0,53,4,10,0,5,0,5,5
"Estonia",0,26,6,8,0,5,0,5,2
"Estonia",0,49,7,7,0,6,0,5,6
"Estonia",0,62,4,1,0,5,0,4,8
"Estonia",0,50,5,6,0,5,0,4,5
"Estonia",0,54,4,3,0,5,1,1,0
"Estonia",0,25,5,10,0,7,0,5,4
"Estonia",1,32,4,8,0,7,0,3,1
"Estonia",0,23,4,2,1,5,0,3,0
"Estonia",0,22,7,1,0,2,0,7,4
"Estonia",0,46,7,9,0,7,0,6,4
"Estonia",1,74,4,2,0,6,0,6,5
"Estonia",1,39,6,8,0,5,1,3,5
"Estonia",0,31,7,8,0,5,0,9,4
"Estonia",0,81,7,2,0,5,1,5,5
"Estonia",1,89,1,1,0,8,0,4,1
"Estonia",1,45,2,4,0,5,0,2,2
"Estonia",1,73,2,3,0,5,1,0,1
"Estonia",1,41,4,10,0,5,0,1,1
"Estonia",1,45,4,3,0,5,0,3,5
"Estonia",1,62,7,8,0,7,0,5,5
"Estonia",1,75,7,6,0,10,0,7,6
"Estonia",1,57,4,5,0,3,0,1,5
"Estonia",0,25,4,5,0,5,0,5,4
"Estonia",1,29,6,8,0,6,1,8,6
"Estonia",1,51,2,1,0,5,1,6,9
"Estonia",1,60,5,7,0,3,0,1,5
"Estonia",1,66,3,8,0,6,1,3,0
"Estonia",1,61,4,10,0,5,0,2,1
"Estonia",1,40,4,4,0,5,1,2,5
"Estonia",0,70,4,3,0,5,0,5,5
"Estonia",1,25,5,4,0,5,0,3,5
"Estonia",0,24,5,8,0,5,0,6,6
"Estonia",1,54,4,4,0,5,0,4,6
"Estonia",0,37,4,4,0,7,1,1,2
"Estonia",0,44,5,7,1,4,0,0,2
"Estonia",0,61,3,6,0,8,0,7,7
"Estonia",1,42,4,6,0,5,0,1,4
"Estonia",1,28,5,9,0,0,0,9,6
"Estonia",0,46,7,4,0,3,0,6,6
"Estonia",1,30,2,3,0,4,0,6,4
"Estonia",0,57,7,6,0,5,0,3,2
"Estonia",0,63,5,3,0,5,0,0,5
"Estonia",1,32,6,10,0,8,0,9,9
"Estonia",0,62,4,2,0,5,1,2,2
"Estonia",1,72,2,3,0,5,0,9,1
"Estonia",1,62,7,6,0,7,0,5,4
"Estonia",1,22,2,4,0,5,1,4,3
"Estonia",0,33,6,7,0,5,1,8,5
"Estonia",0,16,2,2,0,5,0,6,5
"Estonia",1,23,4,1,0,4,1,10,10
"Estonia",0,79,2,1,0,5,0,8,2
"Estonia",1,55,4,6,0,6,0,10,6
"Estonia",0,37,5,6,0,5,0,0,6
"Estonia",1,73,5,1,0,4,0,3,3
"Estonia",1,61,5,8,0,4,1,3,8
"Estonia",0,61,4,4,0,3,0,3,5
"Estonia",0,53,7,7,0,7,0,6,7
"Estonia",0,59,5,5,0,7,1,6,4
"Estonia",1,51,3,5,0,5,1,4,6
"France",1,59,1,3,0,10,0,5,0
"France",0,49,5,1,0,8,0,7,5
"France",1,67,1,4,0,6,0,8,0
"France",0,89,1,1,0,8,0,3,1
"France",0,29,3,4,1,4,1,4,5
"France",1,87,1,7,0,5,1,7,4
"France",1,64,5,1,0,10,1,5,8
"France",1,42,5,9,0,0,0,5,4
"France",1,62,7,8,0,5,1,10,6
"France",1,72,1,4,0,6,0,7,3
"France",1,57,3,1,0,6,0,5,8
"France",1,38,4,5,0,5,0,0,3
"France",0,30,4,4,0,7,0,5,3
"France",0,70,6,8,0,5,0,8,7
"France",1,71,3,1,0,3,0,5,3
"France",1,85,2,2,0,7,0,3,5
"France",1,62,3,4,0,0,0,3,5
"France",0,57,3,5,0,7,0,5,3
"France",1,17,2,3,0,5,0,5,7
"France",1,35,3,2,0,5,0,4,0
"France",0,66,5,7,0,5,0,5,4
"France",1,68,2,7,0,5,0,3,3
"France",1,72,5,4,0,4,0,6,5
"France",0,70,3,2,0,5,0,5,5
"France",0,61,1,5,0,4,0,3,3
"France",1,87,1,2,0,7,0,4,5
"France",0,40,4,2,0,4,0,2,5
"France",1,75,1,4,0,5,0,5,5
"France",0,83,5,5,0,3,0,6,5
"France",0,46,5,6,0,5,0,0,6
"France",1,68,4,6,0,8,0,0,0
"France",0,49,5,2,0,5,0,5,6
"France",0,77,1,3,0,5,1,8,3
"France",0,85,1,1,0,8,0,5,5
"France",1,85,1,3,0,5,0,0,5
"France",1,79,3,5,0,8,0,5,7
"France",1,36,5,4,0,0,1,8,6
"France",0,69,4,4,0,4,1,4,6
"France",1,66,7,8,0,2,1,0,6
"France",1,54,3,2,0,7,0,2,2
"France",1,54,3,8,0,5,0,5,7
"France",1,29,4,5,0,9,0,0,0
"France",0,60,3,4,0,8,0,3,5
"France",1,38,1,2,0,7,0,0,2
"France",1,53,3,3,0,5,0,5,0
"France",1,81,1,5,0,5,0,2,5
"France",0,72,7,9,0,9,0,3,5
"France",1,21,3,7,0,2,0,2,0
"France",1,27,1,1,1,5,0,5,5
"France",1,78,1,3,0,3,0,4,3
"France",0,73,5,7,0,5,0,5,4
"France",0,86,1,1,0,5,0,3,4
"France",0,61,3,3,1,2,0,4,2
"France",0,86,3,1,0,5,0,9,2
"France",0,63,1,5,0,0,0,5,2
"France",1,31,5,4,0,8,1,7,4
"France",1,54,3,4,0,8,1,2,7
"France",0,80,2,1,0,7,0,5,6
"France",0,66,1,4,0,3,0,5,5
"France",0,35,3,2,0,6,0,2,0
"France",1,75,3,8,0,7,0,3,7
"France",0,43,1,1,1,5,0,7,4
"France",1,60,3,3,0,0,0,3,5
"France",0,60,1,2,0,5,0,5,4
"France",0,66,3,5,0,5,0,5,5
"France",0,50,5,1,0,5,0,7,5
"France",0,45,2,7,0,5,0,3,5
"France",1,69,7,8,0,2,1,10,8
"France",0,75,1,4,0,3,0,4,5
"France",0,59,4,6,0,7,0,5,1
"France",1,53,3,1,1,2,0,6,6
"France",1,59,1,6,0,0,0,7,5
"France",1,73,3,2,0,6,0,2,0
"France",0,76,3,8,0,6,0,0,5
"France",0,81,2,7,0,0,0,5,8
"France",0,55,4,4,0,7,0,9,5
"France",0,25,5,4,0,6,0,5,3
"France",0,64,1,2,0,3,0,5,5
"France",1,70,1,2,0,10,0,0,7
"France",0,74,3,5,0,5,0,5,3
"France",0,73,1,6,0,8,0,5,4
"France",1,74,3,7,0,10,0,9,2
"France",0,64,3,1,0,3,0,3,4
"France",0,23,4,4,0,5,0,7,4
"France",0,94,1,1,0,8,1,6,6
"France",0,70,3,3,0,3,0,6,5
"France",1,74,3,6,0,5,0,4,6
"France",1,45,3,7,0,6,0,10,3
"France",0,59,3,5,1,6,0,5,7
"France",0,75,2,8,0,4,0,10,6
"France",1,66,3,3,0,4,0,4,5
"France",1,23,4,1,0,8,0,8,8
"France",0,65,3,4,0,5,0,5,5
"France",0,37,2,2,0,5,0,5,0
"France",0,20,4,6,0,10,1,7,0
"France",0,85,1,1,0,3,0,5,0
"France",1,41,3,2,0,5,0,0,0
"France",1,24,3,1,0,6,1,4,3
"France",0,41,4,4,0,5,0,6,5
"France",1,53,3,1,0,0,0,5,2
"France",1,64,2,4,0,5,0,8,6
"France",1,62,3,4,0,3,1,2,0
"France",1,70,3,5,0,10,0,5,5
"France",0,52,5,3,0,2,1,8,5
"France",1,62,3,3,0,0,1,0,0
"France",1,60,3,1,1,6,0,2,1
"France",0,86,1,2,0,7,0,3,8
"France",0,69,1,2,0,3,0,7,5
"France",1,62,2,2,0,5,0,0,9
"France",0,72,2,3,0,2,0,5,10
"France",0,64,3,3,0,8,0,4,5
"France",1,65,1,4,0,8,0,5,5
"France",0,68,5,7,0,5,0,5,8
"France",1,80,1,4,0,10,0,3,6
"France",1,80,2,5,0,6,0,9,7
"France",0,62,4,3,0,2,0,2,2
"France",1,16,3,2,0,7,0,3,0
"France",0,51,1,1,0,2,0,0,0
"France",0,33,3,2,0,5,0,5,1
"France",0,39,1,1,1,1,0,1,1
"France",0,31,5,1,0,5,0,9,3
"France",0,51,1,4,1,10,0,6,4
"France",0,58,7,6,0,8,0,3,5
"France",1,48,3,2,0,10,0,2,0
"France",1,78,1,1,0,5,0,1,3
"France",1,48,3,5,0,3,0,1,4
"France",0,79,3,2,0,0,0,5,5
"France",0,27,5,6,0,4,0,5,0
"France",1,60,3,8,0,7,0,2,5
"France",0,85,1,1,0,4,0,5,0
"France",0,55,3,5,0,5,0,5,5
"France",0,57,2,5,0,5,0,4,3
"France",1,64,6,7,0,4,0,8,6
"France",0,50,1,8,0,7,0,7,2
"France",1,62,2,2,0,4,0,2,4
"France",1,45,4,8,0,7,0,5,5
"France",0,47,2,4,0,1,0,9,6
"France",1,67,5,7,0,4,1,5,8
"France",0,51,3,4,0,10,1,2,8
"France",1,16,2,5,0,6,0,8,3
"France",1,75,1,6,0,6,0,2,3
"France",0,46,4,6,0,2,0,2,5
"France",0,66,1,8,0,8,0,3,5
"France",1,44,5,2,0,5,0,7,3
"France",1,65,3,6,0,6,0,7,5
"France",0,79,2,1,0,2,0,3,2
"France",1,36,2,1,0,5,0,5,6
"France",0,62,4,4,0,0,0,3,3
"France",0,39,5,3,0,7,1,3,0
"France",1,27,3,6,0,7,1,2,5
"France",0,22,3,8,0,7,0,2,2
"France",1,77,4,7,0,1,0,9,8
"France",1,78,3,3,0,3,0,3,0
"France",0,74,2,2,0,2,0,8,5
"France",0,55,3,6,0,5,0,5,1
"France",0,38,5,8,0,6,1,7,5
"France",1,30,4,8,0,2,0,2,5
"France",1,47,5,2,0,5,0,8,7
"France",1,35,7,8,1,5,1,8,9
"France",1,87,2,5,0,6,0,8,6
"France",1,16,2,10,0,5,0,5,6
"France",0,46,7,9,0,5,0,5,5
"France",0,26,4,2,0,3,1,3,7
"France",1,92,3,2,0,3,0,5,5
"France",0,65,1,1,0,4,0,5,5
"France",1,38,4,7,0,10,0,0,5
"France",1,40,4,7,0,0,1,0,10
"France",1,60,1,3,0,5,1,10,6
"France",0,63,3,1,0,5,0,5,5
"France",0,49,5,1,1,3,0,4,4
"France",1,57,7,10,0,0,0,6,7
"France",1,79,7,9,0,1,0,7,8
"France",0,39,5,7,0,8,0,0,2
"France",0,88,4,1,0,7,0,8,4
"France",0,29,3,1,0,5,1,5,3
"France",1,76,2,6,0,8,1,5,7
"France",1,70,5,5,0,3,0,0,1
"France",1,91,1,1,0,8,0,7,8
"France",0,62,5,4,0,9,0,7,5
"France",1,28,4,4,0,0,0,8,8
"France",1,34,5,1,1,5,0,5,4
"France",1,64,3,5,0,9,0,8,9
"France",1,46,1,2,0,5,1,2,2
"France",0,76,3,3,0,5,0,2,2
"France",1,84,1,1,0,5,1,5,5
"France",0,75,1,1,0,10,0,2,0
"France",1,63,5,9,0,4,0,10,10
"France",0,60,3,6,0,0,0,2,6
"France",1,46,3,1,1,5,0,3,6
"France",1,19,3,2,0,3,0,10,10
"France",1,65,3,6,0,5,0,8,8
"France",1,81,1,4,0,5,0,0,0
"France",0,83,1,5,0,5,0,10,10
"France",1,74,5,8,0,9,0,2,4
"France",0,73,2,4,0,1,0,3,7
"France",0,30,4,3,1,5,0,6,2
"France",0,83,1,1,0,3,1,5,6
"France",0,70,1,4,0,8,0,5,5
"France",0,48,1,7,0,7,0,4,1
"France",1,43,4,1,0,5,0,8,4
"France",0,83,2,3,0,8,0,5,5
"France",0,71,1,5,0,4,0,4,1
"France",0,82,5,5,0,6,1,4,9
"France",1,52,4,1,1,3,0,7,7
"France",1,58,3,2,0,7,0,9,7
"France",0,63,4,4,0,7,0,5,7
"France",0,49,3,2,0,4,0,5,7
"France",0,64,1,1,0,6,0,7,6
"France",1,35,3,3,0,4,0,5,6
"France",0,77,1,1,0,6,0,2,4
"France",0,69,2,3,0,2,0,3,5
"France",1,58,5,8,0,10,0,2,1
"France",0,40,3,4,0,2,0,6,5
"France",0,53,3,6,0,5,0,9,7
"France",1,67,1,1,0,7,0,2,2
"France",0,63,3,6,0,8,1,4,4
"France",1,66,5,7,0,5,1,2,0
"France",0,61,2,1,1,5,1,7,7
"France",1,80,1,2,0,0,0,7,0
"France",0,20,6,1,0,6,0,5,4
"France",1,30,7,8,0,3,0,4,7
"France",0,58,7,10,0,3,0,7,7
"France",0,22,7,1,0,5,0,8,5
"France",0,70,5,3,0,7,1,1,5
"France",0,82,6,9,0,8,1,5,5
"France",0,17,3,7,0,3,0,5,4
"France",1,32,4,7,0,2,0,0,6
"France",1,75,7,9,0,5,0,9,6
"France",0,64,6,8,0,7,0,9,7
"France",0,33,3,1,0,3,0,5,5
"France",0,41,7,10,0,3,0,8,5
"France",0,32,7,7,0,6,0,8,9
"France",0,61,1,2,0,6,1,7,6
"France",0,52,3,3,0,6,1,4,2
"France",1,40,7,5,0,2,1,2,10
"France",1,68,1,3,0,1,0,4,8
"France",1,28,4,5,0,4,0,10,7
"France",0,68,4,5,0,3,1,6,5
"France",0,59,7,5,0,5,0,7,7
"France",1,67,3,5,0,5,0,4,9
"France",1,52,3,7,0,8,0,3,2
"France",1,87,4,3,0,6,0,1,2
"France",0,60,4,4,0,2,0,10,8
"France",0,36,7,7,1,5,0,6,5
"France",0,40,4,3,0,8,0,7,6
"France",0,15,2,1,0,5,0,7,8
"France",0,62,5,5,0,7,0,6,6
"France",0,35,2,1,0,5,0,5,5
"France",1,44,5,4,0,7,0,7,6
"France",1,31,3,4,0,8,0,0,1
"France",1,54,4,4,0,2,0,5,8
"France",0,74,1,2,0,6,0,7,1
"France",1,40,3,1,1,5,0,5,4
"France",0,57,7,9,0,9,0,9,7
"France",1,21,3,5,1,5,0,5,5
"France",0,19,4,1,0,5,0,4,4
"France",0,69,6,4,0,5,0,4,3
"France",0,19,4,1,0,10,0,3,4
"France",0,50,3,3,0,3,1,3,5
"France",1,23,7,5,0,1,0,8,8
"France",1,28,4,3,1,7,0,2,0
"France",1,78,1,3,0,10,0,6,0
"France",0,67,4,8,0,9,1,4,5
"France",0,72,1,1,0,5,0,5,7
"France",0,76,3,3,0,5,0,2,3
"France",1,61,1,6,0,0,0,7,4
"France",1,36,3,1,0,0,0,6,5
"France",1,44,5,4,0,5,0,6,7
"France",1,63,4,1,0,5,0,7,5
"France",1,65,3,5,0,4,0,7,7
"France",0,36,4,4,0,5,0,4,5
"France",0,38,7,9,0,8,0,7,7
"France",1,27,4,7,0,3,1,4,7
"France",0,64,3,8,0,9,0,6,6
"France",0,70,1,9,0,5,0,0,4
"France",0,52,3,1,0,7,0,0,8
"France",0,70,3,8,0,4,0,8,5
"France",1,62,5,4,0,2,0,5,5
"France",1,78,4,9,0,7,0,0,0
"France",1,21,4,3,0,7,1,6,7
"France",0,40,7,8,0,2,0,5,7
"France",0,56,4,3,0,2,0,3,7
"France",0,48,3,1,0,1,0,1,1
"France",0,87,2,2,0,5,1,6,5
"France",1,54,3,3,0,2,1,5,2
"France",0,76,2,5,0,5,0,5,4
"France",1,50,2,3,0,5,1,5,4
"France",0,80,2,3,0,5,0,2,5
"France",0,58,4,4,0,4,1,4,5
"France",0,29,4,4,1,0,0,5,6
"France",1,42,1,2,0,4,0,3,3
"France",0,34,4,8,0,7,0,0,0
"France",1,31,5,10,0,7,0,3,5
"France",1,87,1,2,0,5,0,10,5
"France",1,25,3,5,1,0,1,6,0
"France",0,73,3,6,0,7,0,3,5
"France",1,59,5,5,0,7,0,6,7
"France",0,72,7,7,0,7,0,0,0
"France",0,70,7,6,0,4,0,8,7
"France",0,59,1,2,0,5,1,5,1
"France",0,35,6,3,0,1,0,7,7
"France",0,65,4,1,0,10,0,3,6
"France",1,30,1,2,0,8,0,9,9
"France",1,26,4,4,0,4,0,6,3
"France",1,28,7,1,1,5,0,5,10
"France",0,41,4,2,0,0,0,4,2
"France",1,24,6,1,0,3,0,8,7
"France",1,40,1,5,0,5,1,1,3
"France",1,77,1,5,0,8,0,5,2
"France",1,52,3,9,0,3,0,3,3
"France",1,81,4,7,0,5,0,6,6
"France",1,56,4,1,1,4,0,5,5
"France",0,52,4,4,0,6,0,10,7
"France",0,37,7,8,0,4,0,5,5
"France",1,40,4,3,1,2,0,7,2
"France",1,87,3,4,0,8,0,8,5
"France",0,59,5,6,0,5,0,6,5
"France",0,56,5,6,0,8,0,5,6
"France",0,82,4,6,0,7,0,5,4
"France",1,77,2,6,0,5,0,8,7
"France",0,55,5,4,0,7,1,7,5
"France",0,65,4,1,0,9,0,8,6
"France",0,65,3,3,0,8,0,6,6
"France",1,65,3,3,0,0,0,5,4
"France",1,62,1,1,0,1,0,2,0
"France",0,57,3,8,0,7,0,5,5
"France",0,16,2,8,0,5,0,5,2
"France",1,39,5,9,0,8,0,9,4
"France",1,69,6,9,0,3,0,8,8
"France",0,92,1,2,0,7,0,5,5
"France",0,59,3,2,0,5,0,3,3
"France",0,43,5,1,0,0,0,4,5
"France",1,54,4,4,0,2,1,6,7
"France",1,69,1,2,0,2,0,7,7
"France",1,56,7,1,0,2,0,2,7
"France",0,72,4,8,0,5,0,2,8
"France",0,34,7,8,0,3,0,8,7
"France",0,80,5,4,0,9,0,9,7
"France",0,43,5,8,0,5,0,5,5
"France",0,65,1,1,0,7,0,6,1
"France",0,52,3,6,0,4,0,4,3
"France",1,23,5,5,0,3,0,6,5
"France",1,35,7,9,0,3,0,9,9
"France",0,76,1,3,0,8,0,5,6
"France",1,73,4,8,0,8,0,3,1
"France",0,64,1,1,0,7,0,2,7
"France",0,47,6,4,0,7,0,5,5
"France",0,68,4,7,0,0,0,5,5
"France",0,45,4,8,0,8,0,3,7
"France",0,32,5,1,1,0,0,10,10
"France",0,79,1,7,0,8,0,8,5
"France",0,32,3,2,1,5,0,5,7
"France",1,38,3,1,1,5,1,2,0
"France",1,46,3,5,1,8,1,3,5
"France",0,66,5,3,0,3,0,8,8
"France",1,20,4,7,0,5,1,7,0
"France",0,16,2,6,0,0,0,5,0
"France",0,24,3,2,0,5,1,5,5
"France",0,38,5,3,0,3,0,7,7
"France",0,48,4,2,0,0,0,3,10
"France",0,51,7,5,0,4,1,8,7
"France",1,33,5,2,1,5,0,10,10
"France",0,21,4,3,1,5,0,5,5
"France",1,63,3,1,0,4,0,9,4
"France",1,72,5,4,0,5,0,10,10
"France",1,22,1,6,0,5,0,0,0
"France",1,24,5,2,0,6,0,2,5
"France",1,58,3,4,0,2,0,1,0
"France",0,29,1,3,0,5,0,4,5
"France",1,56,3,5,0,10,0,2,0
"France",1,72,7,1,0,7,0,5,3
"France",0,40,7,10,0,6,0,7,7
"France",0,36,7,10,0,4,0,6,5
"France",1,56,3,3,0,2,0,5,2
"France",0,45,4,8,0,0,1,2,7
"France",1,39,5,4,0,5,0,8,7
"France",1,45,3,4,0,5,0,1,1
"France",1,57,3,5,0,3,0,1,3
"France",0,28,4,5,1,1,0,6,3
"France",1,72,5,9,0,8,0,6,5
"France",1,58,7,10,0,7,1,9,8
"France",0,38,7,1,1,1,0,2,10
"France",0,56,4,3,0,5,0,4,7
"France",1,46,5,7,0,7,0,5,5
"France",0,70,3,5,0,7,0,7,6
"France",0,38,5,8,0,5,0,3,5
"France",0,71,3,10,0,9,0,5,5
"France",1,40,3,9,0,5,0,10,7
"France",1,63,3,9,0,5,1,6,5
"France",0,65,4,1,0,5,0,4,4
"France",1,43,5,9,0,3,0,3,5
"France",0,46,6,7,0,2,1,5,4
"France",1,56,4,4,0,6,0,8,8
"France",1,28,6,8,0,5,1,7,8
"France",1,68,2,4,0,10,1,8,2
"France",1,64,1,3,0,2,0,0,0
"France",0,32,4,7,0,5,0,6,5
"France",0,47,4,5,0,10,0,4,2
"France",1,26,4,8,0,5,1,1,6
"France",0,69,3,7,0,5,1,7,5
"France",1,70,4,9,0,6,0,3,3
"France",1,29,7,7,0,8,0,6,2
"France",0,38,3,6,0,3,0,2,2
"France",1,40,6,7,0,5,0,5,5
"France",1,71,5,8,0,3,0,6,5
"France",0,36,3,3,1,7,0,5,7
"France",1,53,4,5,0,10,1,0,0
"France",0,47,1,8,0,2,0,8,9
"France",0,23,5,4,0,8,0,6,3
"France",0,34,4,7,0,5,0,5,1
"France",0,51,3,7,0,0,0,7,5
"France",0,45,3,6,0,0,0,1,0
"France",1,25,7,6,0,7,1,10,7
"France",0,44,1,1,0,5,0,5,6
"France",0,38,5,5,0,0,0,8,10
"France",0,49,3,1,0,1,0,4,2
"France",1,63,7,10,0,7,1,1,8
"France",1,67,6,9,0,6,1,0,8
"France",1,27,4,7,0,8,0,4,4
"France",1,61,7,9,0,3,0,5,6
"France",1,44,4,9,0,7,0,5,8
"France",1,40,7,10,0,4,1,8,10
"France",0,68,6,9,0,2,0,6,6
"France",1,58,1,7,0,10,0,5,5
"France",1,64,3,6,0,3,0,1,9
"France",0,40,7,9,0,3,0,8,7
"France",0,34,7,4,0,8,1,5,5
"France",0,56,1,4,0,0,0,2,3
"France",0,39,7,4,0,4,0,8,9
"France",1,16,2,8,0,6,0,5,5
"France",1,24,4,3,1,3,0,3,7
"France",1,40,7,4,0,5,0,4,7
"France",1,85,7,6,0,6,0,9,4
"France",1,31,6,6,0,5,1,10,10
"France",1,46,5,6,0,5,0,3,6
"France",0,52,6,4,0,1,0,5,5
"France",0,56,5,8,0,4,0,5,5
"France",0,48,5,5,0,7,1,7,5
"France",0,66,7,6,0,3,0,3,6
"France",1,51,3,5,0,5,0,5,5
"France",1,51,5,2,0,8,0,3,5
"France",0,31,6,10,0,6,1,7,7
"France",1,27,7,3,0,2,1,6,10
"France",0,35,4,9,0,10,1,5,0
"France",1,53,6,5,0,8,0,4,5
"France",1,71,7,8,0,0,0,10,10
"France",0,64,5,3,0,5,0,1,2
"France",1,69,1,9,0,10,1,0,10
"France",1,42,3,7,0,5,0,5,1
"France",1,64,3,6,0,8,1,3,3
"France",0,42,5,3,0,5,0,9,5
"France",1,35,4,6,0,5,0,5,0
"France",0,84,2,3,0,5,0,8,8
"France",0,41,5,4,0,7,0,6,4
"France",1,55,4,8,0,4,0,5,5
"France",1,32,3,8,0,6,1,5,6
"France",1,35,4,5,0,3,0,9,4
"France",0,51,5,10,0,5,0,9,8
"France",1,46,7,10,0,4,1,8,7
"France",1,27,7,10,0,6,0,10,7
"France",1,28,6,8,0,5,0,5,5
"France",0,36,7,8,0,4,0,4,4
"France",1,57,4,8,0,3,0,3,1
"France",0,79,3,4,0,10,0,5,3
"France",0,35,5,7,0,5,0,0,5
"France",0,43,4,8,0,7,0,6,3
"France",0,50,7,4,0,1,1,5,8
"France",1,58,3,7,0,5,0,2,7
"France",1,58,7,10,0,8,0,3,8
"France",0,16,2,9,0,6,0,6,5
"France",0,41,4,3,0,5,0,4,2
"France",0,38,5,6,0,4,0,7,5
"France",1,28,3,5,0,5,0,3,1
"France",1,62,4,3,0,7,0,0,2
"France",0,45,3,2,0,5,0,5,1
"France",0,55,3,4,0,5,0,6,5
"France",0,24,4,6,1,1,0,5,10
"France",0,40,7,6,0,5,0,8,8
"France",0,49,7,9,0,3,0,7,6
"France",0,61,3,7,0,5,0,8,5
"France",1,69,3,10,0,8,0,1,5
"France",0,65,2,8,0,5,0,7,5
"France",0,35,7,5,0,6,0,0,0
"France",0,40,4,8,0,5,0,5,5
"France",1,59,3,6,0,6,0,0,0
"France",0,37,2,3,0,2,0,10,0
"France",1,64,5,5,0,3,0,4,6
"France",0,52,1,4,0,6,0,7,3
"France",1,52,4,4,0,2,0,6,2
"France",0,48,4,8,1,6,0,2,3
"France",0,79,1,2,0,5,0,3,3
"France",0,18,4,1,0,3,0,5,5
"France",1,17,2,8,0,6,0,5,4
"France",0,62,3,7,0,7,0,3,2
"France",1,72,4,4,0,5,0,3,7
"France",1,41,7,2,0,5,0,6,7
"France",0,83,1,7,0,5,0,5,3
"France",1,61,4,7,1,2,0,6,7
"France",1,57,7,9,0,4,1,5,5
"France",0,26,5,7,0,6,1,4,0
"France",0,59,1,7,0,3,0,0,3
"France",1,29,5,3,0,7,0,8,0
"France",1,48,6,9,0,5,1,9,8
"France",0,22,6,10,0,3,0,9,10
"France",0,45,6,9,0,3,0,5,7
"France",1,50,5,9,0,3,1,9,4
"France",0,81,3,3,0,3,0,4,7
"France",1,20,6,1,0,6,0,7,3
"France",0,31,7,9,0,7,0,8,8
"France",0,59,3,6,0,4,0,5,6
"France",1,41,4,10,0,7,0,6,7
"France",0,57,4,6,0,2,0,4,5
"France",0,50,1,8,0,5,0,7,2
"France",0,25,4,10,1,5,0,7,7
"France",1,19,4,4,1,5,1,6,10
"France",1,17,2,7,0,5,0,0,7
"France",0,21,4,5,0,3,0,10,3
"France",0,29,5,3,0,2,0,6,6
"France",0,38,6,5,0,7,0,10,5
"France",1,61,3,4,0,8,0,8,8
"France",1,52,3,7,0,7,0,3,8
"France",1,34,3,5,0,9,0,5,4
"France",1,74,5,6,0,5,1,10,7
"France",1,43,7,4,0,5,0,5,3
"France",0,40,5,1,0,8,0,1,1
"France",1,47,3,8,0,7,1,9,8
"France",1,67,4,5,0,7,0,2,5
"France",0,38,7,1,1,1,0,5,5
"France",1,59,4,8,1,9,0,5,0
"France",0,52,2,5,0,8,0,4,5
"France",1,63,3,4,0,7,0,2,0
"France",1,62,3,8,0,0,0,5,6
"France",1,31,3,5,0,7,0,6,5
"France",0,41,5,4,0,5,0,9,7
"France",1,50,3,3,0,5,1,7,9
"France",0,29,2,3,0,0,0,6,7
"France",0,50,7,9,0,3,1,7,7
"France",0,55,7,9,0,7,0,3,7
"France",1,47,5,8,0,4,0,7,8
"France",0,32,5,3,0,7,0,4,3
"France",1,39,5,8,0,5,0,4,5
"France",0,52,5,5,0,7,1,4,1
"France",1,39,4,6,0,5,0,0,3
"France",0,55,3,10,1,8,0,8,3
"France",1,46,3,10,0,4,0,2,7
"France",0,72,7,6,0,3,1,4,7
"France",1,32,1,5,0,8,0,7,6
"France",1,69,6,10,0,6,0,6,4
"France",0,47,4,1,1,3,0,5,7
"France",0,48,3,3,0,4,0,5,5
"France",0,39,4,9,0,4,0,5,5
"France",0,66,2,5,0,5,0,8,5
"France",0,39,5,8,0,5,0,6,3
"France",1,73,6,7,0,8,0,1,5
"France",0,15,2,3,0,3,0,5,5
"France",0,25,5,5,0,10,0,0,2
"France",0,38,3,7,0,7,0,4,3
"France",1,50,3,4,0,5,1,5,6
"France",1,29,4,2,0,5,1,5,4
"France",0,47,4,6,0,6,0,6,6
"France",0,69,4,2,0,2,0,3,7
"France",1,47,3,4,0,8,0,9,7
"France",0,33,3,7,0,5,0,6,5
"France",0,63,1,10,0,8,0,6,4
"France",0,43,3,2,0,3,0,2,5
"France",1,32,7,7,0,3,0,10,10
"France",1,37,5,3,0,5,0,5,6
"France",0,38,5,6,0,4,0,8,8
"France",1,62,4,7,0,5,0,0,6
"France",1,46,4,8,0,5,1,5,6
"France",0,18,2,5,0,4,0,3,6
"France",1,72,4,10,0,5,0,7,6
"France",0,21,4,4,1,0,0,5,5
"France",1,88,1,3,0,10,0,4,4
"France",1,69,4,9,0,3,0,10,7
"France",0,58,2,5,1,4,0,5,1
"France",0,52,3,6,0,5,1,5,1
"France",0,53,3,6,0,5,1,7,5
"France",1,34,4,4,0,5,0,8,0
"France",1,38,4,8,0,5,1,10,10
"France",1,19,3,7,0,5,0,5,5
"France",0,22,4,7,0,5,0,7,8
"France",1,27,5,8,0,5,0,1,5
"France",0,37,5,9,0,5,0,7,5
"France",1,62,3,4,0,2,0,6,6
"France",0,48,7,5,0,0,0,6,7
"France",1,71,7,8,0,5,0,3,5
"France",1,64,5,7,0,10,0,0,0
"France",0,59,3,3,0,4,0,5,6
"France",0,45,6,5,0,6,0,4,5
"France",0,71,4,8,0,9,0,3,4
"France",0,53,5,9,0,7,0,7,7
"France",1,16,2,4,0,2,1,4,5
"France",1,20,1,1,1,4,1,5,4
"France",1,52,3,4,0,5,0,8,8
"France",1,30,3,8,0,5,1,5,5
"France",1,19,4,7,0,5,1,10,6
"France",1,46,4,2,0,10,0,7,7
"France",1,69,1,2,0,8,1,3,1
"France",1,27,6,2,0,1,0,5,5
"France",0,69,1,2,0,10,0,0,0
"France",1,64,5,9,0,7,0,5,7
"France",0,34,3,5,0,8,0,4,9
"France",1,51,7,5,0,3,1,7,7
"France",1,32,5,2,0,1,0,2,7
"France",1,37,5,1,0,2,0,9,10
"France",1,34,4,4,0,1,1,2,8
"Israel",0,17,3,3,0,7,0,5,5
"Israel",0,62,5,5,0,7,0,8,6
"Israel",0,66,5,3,0,8,0,3,7
"Israel",0,28,3,3,0,10,0,5,0
"Israel",1,66,6,3,0,7,0,2,4
"Israel",0,75,6,4,0,3,0,0,8
"Israel",0,33,7,3,0,8,0,8,4
"Israel",1,64,3,2,0,5,0,0,10
"Israel",1,62,7,7,0,8,0,2,1
"Israel",0,69,5,4,0,3,0,5,9
"Israel",1,24,4,4,0,8,0,4,1
"Israel",0,18,3,2,0,10,0,6,7
"Israel",1,60,7,5,0,3,0,7,6
"Israel",0,27,5,4,0,10,0,5,5
"Israel",0,47,3,1,0,10,0,10,0
"Israel",1,86,6,3,0,6,0,5,5
"Israel",0,54,7,2,0,4,0,10,10
"Israel",0,41,5,10,0,4,0,2,5
"Israel",0,57,3,7,0,9,0,5,3
"Israel",1,69,4,8,0,2,0,10,7
"Israel",1,34,6,8,0,6,0,10,8
"Israel",1,41,6,10,0,9,0,4,8
"Israel",0,33,6,7,0,10,0,7,6
"Israel",0,62,4,3,0,7,0,8,4
"Israel",1,58,3,5,0,8,0,7,7
"Israel",0,61,5,7,0,9,0,5,8
"Israel",0,46,5,2,0,8,0,7,5
"Israel",1,79,3,6,0,6,0,8,7
"Israel",1,44,5,2,0,9,0,10,0
"Israel",1,83,5,8,0,4,0,7,4
"Israel",0,59,6,6,0,8,0,9,7
"Israel",1,70,7,2,0,5,0,6,7
"Israel",1,82,1,2,0,9,0,6,6
"Israel",0,71,4,2,0,0,0,10,1
"Israel",0,43,7,2,0,7,0,6,3
"Israel",1,27,7,1,0,1,1,2,5
"Israel",0,84,4,2,0,6,1,6,6
"Israel",1,71,5,1,0,7,1,7,10
"Israel",1,29,7,1,0,8,1,7,6
"Israel",1,40,6,8,0,2,0,9,7
"Israel",0,58,6,1,0,6,0,6,9
"Israel",1,50,5,5,0,9,0,7,5
"Israel",1,62,7,9,0,4,0,8,4
"Israel",0,47,4,2,0,6,0,7,9
"Israel",1,92,4,3,0,6,1,10,10
"Israel",0,69,4,2,0,5,1,5,3
"Israel",0,49,1,2,0,5,1,5,5
"Israel",0,35,4,4,0,4,1,3,4
"Israel",1,46,4,2,0,8,0,8,8
"Israel",1,52,4,5,0,8,0,5,3
"Israel",0,21,3,2,0,5,0,6,1
"Israel",0,52,3,3,0,10,0,10,7
"Israel",0,29,4,3,0,6,0,5,8
"Israel",0,60,5,4,0,6,0,0,7
"Israel",0,35,7,6,0,7,0,10,7
"Israel",0,88,5,4,0,9,0,9,3
"Israel",0,44,7,5,0,5,0,1,2
"Israel",0,68,5,2,0,7,1,7,3
"Israel",1,52,6,3,0,9,1,0,7
"Israel",0,31,3,4,0,9,1,1,4
"Israel",0,22,4,1,0,9,1,8,9
"Israel",1,94,1,1,0,7,1,1,8
"Israel",1,68,2,3,0,8,1,5,5
"Israel",1,59,5,6,0,10,0,6,5
"Israel",1,33,7,4,0,2,1,5,9
"Israel",0,48,7,2,0,3,1,10,0
"Israel",1,64,2,1,0,6,1,5,7
"Israel",1,27,6,4,0,5,1,9,10
"Israel",0,21,4,2,0,3,1,5,7
"Israel",1,18,2,3,1,5,1,10,4
"Israel",1,46,6,3,0,7,1,6,5
"Israel",0,56,5,4,0,7,1,0,6
"Israel",0,61,2,3,1,8,1,0,4
"Israel",0,54,7,6,0,7,1,3,5
"Israel",1,20,4,5,0,7,1,3,8
"Israel",0,44,6,6,0,10,1,5,7
"Israel",1,21,3,2,0,5,1,5,5
"Israel",1,62,3,2,0,8,1,7,8
"Israel",0,38,7,8,0,7,1,6,6
"Israel",1,24,5,9,1,5,1,0,5
"Israel",1,79,3,1,0,3,1,7,5
"Israel",1,20,5,4,0,6,1,6,9
"Israel",0,37,6,5,0,7,1,7,1
"Israel",1,67,3,3,0,5,1,5,7
"Israel",0,60,5,2,0,9,0,6,10
"Israel",0,74,3,1,0,5,0,7,7
"Israel",1,23,4,2,0,8,0,5,7
"Israel",1,39,3,2,0,7,0,1,6
"Israel",1,74,1,3,0,10,0,7,4
"Israel",0,53,1,4,0,10,0,0,0
"Israel",1,61,2,9,0,10,0,5,8
"Israel",0,67,3,8,0,6,0,7,7
"Israel",1,74,2,10,0,6,0,1,8
"Israel",1,42,5,9,0,7,0,5,7
"Israel",0,62,6,10,0,6,0,10,6
"Israel",0,68,3,6,0,10,0,3,6
"Israel",1,45,4,8,0,10,0,5,6
"Israel",1,26,3,3,0,5,0,5,5
"Israel",0,36,6,6,0,8,0,2,8
"Israel",1,40,4,4,0,8,0,2,5
"Israel",0,49,7,7,0,4,0,5,5
"Israel",1,38,6,6,0,3,0,10,7
"Israel",1,45,4,4,0,10,0,2,8
"Israel",0,56,4,6,0,6,0,5,3
"Israel",0,34,6,2,0,3,1,4,5
"Israel",0,73,5,2,0,10,1,4,3
"Israel",0,52,7,7,0,8,1,8,6
"Israel",1,23,4,7,0,9,1,6,7
"Israel",0,62,6,5,0,0,1,6,4
"Israel",0,32,3,5,0,7,0,5,10
"Israel",0,32,7,8,0,8,0,2,6
"Israel",1,55,6,6,0,8,0,3,10
"Israel",1,82,2,4,0,8,0,10,8
"Israel",0,70,4,9,0,5,0,5,6
"Israel",1,65,2,10,0,9,0,0,6
"Israel",1,41,5,9,0,10,0,7,9
"Israel",1,73,7,2,0,6,0,5,8
"Israel",0,74,6,5,0,5,0,0,9
"Israel",1,79,1,4,0,5,0,5,5
"Israel",1,22,4,4,0,5,0,6,3
"Israel",1,64,4,7,0,9,0,7,7
"Israel",1,25,3,3,0,7,0,8,7
"Israel",0,38,6,8,0,6,0,7,4
"Israel",0,67,1,4,0,10,0,5,0
"Israel",1,63,3,8,0,8,0,6,7
"Israel",1,69,5,8,0,3,1,4,4
"Israel",1,44,5,8,0,7,0,7,7
"Israel",0,45,7,9,0,5,0,3,4
"Israel",0,82,5,3,0,3,0,7,8
"Israel",1,46,7,5,0,8,0,2,2
"Israel",1,38,3,3,0,4,0,8,8
"Israel",1,63,7,2,1,5,0,10,6
"Israel",1,78,3,3,0,4,0,10,0
"Israel",0,33,6,3,0,4,0,10,0
"Israel",1,33,4,5,0,9,0,1,1
"Israel",1,67,6,10,0,5,0,10,10
"Israel",1,68,6,8,0,5,1,3,10
"Israel",1,51,6,8,0,5,1,0,5
"Israel",1,68,3,5,0,10,0,0,8
"Israel",1,46,4,6,0,3,0,7,8
"Israel",1,22,4,3,1,6,1,8,6
"Israel",1,68,1,2,0,1,0,8,2
"Israel",0,16,4,5,0,3,0,7,7
"Israel",0,73,1,2,0,1,0,7,3
"Israel",0,53,2,3,0,1,0,7,3
"Israel",1,62,6,3,0,1,0,7,2
"Israel",0,28,5,3,0,1,0,7,3
"Israel",0,29,3,6,0,1,0,8,4
"Israel",0,54,7,3,0,4,0,5,3
"Israel",0,52,6,7,0,2,1,8,5
"Israel",1,67,1,2,1,4,0,7,5
"Israel",0,33,4,3,1,2,0,7,4
"Israel",1,66,2,2,1,5,0,7,5
"Israel",0,16,4,5,0,2,0,7,5
"Israel",0,62,1,3,0,5,0,7,5
"Israel",0,26,5,4,0,4,0,8,4
"Israel",0,22,4,5,0,5,0,8,3
"Israel",0,55,6,5,0,3,0,7,5
"Israel",1,53,4,4,0,3,0,8,4
"Israel",1,65,5,6,0,2,0,7,4
"Israel",0,35,7,5,0,3,0,7,4
"Israel",0,46,1,2,0,2,0,6,5
"Israel",1,33,2,3,0,2,0,5,3
"Israel",1,50,1,4,0,5,0,7,5
"Israel",1,19,2,2,0,3,0,1,0
"Israel",1,18,4,6,0,0,0,5,8
"Israel",1,48,7,6,0,1,0,5,2
"Israel",0,39,3,3,0,3,0,5,4
"Israel",1,51,2,2,0,1,0,8,5
"Israel",0,17,4,8,0,4,0,4,5
"Israel",0,52,4,2,0,0,0,8,2
"Israel",0,35,5,5,0,3,0,8,5
"Israel",1,32,6,3,0,5,0,5,7
"Israel",0,38,2,6,1,1,0,8,2
"Israel",1,22,4,2,0,1,0,9,1
"Israel",1,57,6,3,0,3,0,8,3
"Israel",0,39,6,8,0,1,0,3,8
"Israel",0,78,1,2,0,0,0,7,3
"Israel",1,64,3,4,0,1,0,8,3
"Israel",1,32,6,3,0,0,1,8,2
"Israel",0,21,3,3,0,0,0,7,4
"Israel",1,33,6,7,0,1,1,9,3
"Israel",0,46,3,2,0,1,1,6,4
"Israel",1,32,6,8,0,2,0,7,7
"Israel",1,44,4,1,1,3,1,7,4
"Israel",1,65,1,1,0,5,1,6,4
"Israel",0,64,1,3,0,3,1,6,3
"Israel",1,33,4,4,0,5,1,7,4
"Israel",0,26,6,3,0,3,1,5,3
"Israel",1,33,4,3,0,5,1,7,6
"Israel",1,68,6,3,0,2,1,6,3
"Israel",0,62,1,1,0,2,1,5,3
"Israel",1,47,1,1,1,6,1,7,5
"Israel",1,49,2,3,0,0,1,2,2
"Israel",0,48,2,1,0,5,0,5,10
"Israel",1,65,4,3,0,1,0,5,6
"Israel",1,32,6,3,0,2,0,8,8
"Israel",1,34,5,2,0,0,0,9,1
"Israel",1,76,3,2,0,0,0,2,7
"Israel",0,56,4,1,0,5,0,5,10
"Israel",1,32,7,3,0,5,0,10,6
"Israel",0,67,2,1,0,2,0,5,7
"Israel",1,28,3,1,1,3,0,7,6
"Israel",1,37,7,4,0,3,0,10,0
"Israel",1,76,1,1,0,1,0,4,6
"Israel",0,77,1,1,0,1,0,5,5
"Israel",0,20,6,2,0,0,0,3,3
"Israel",0,22,6,2,0,1,0,5,5
"Israel",1,38,3,4,0,1,1,8,1
"Israel",1,40,6,6,0,0,1,8,3
"Israel",1,31,3,3,0,0,1,7,1
"Israel",1,45,3,4,0,0,1,7,3
"Israel",0,43,3,3,0,1,1,8,1
"Israel",1,29,3,4,0,1,1,8,1
"Israel",1,42,3,5,0,1,1,7,1
"Israel",1,20,4,5,0,1,1,7,5
"Israel",1,42,3,5,0,0,1,7,5
"Israel",1,45,3,3,0,1,1,8,2
"Israel",1,42,3,3,0,0,1,7,3
"Israel",1,37,3,3,0,0,1,8,1
"Israel",1,23,3,4,0,0,1,7,1
"Israel",0,42,3,3,0,0,1,5,5
"Israel",0,43,7,6,0,5,0,3,6
"Israel",1,24,6,5,0,0,0,7,4
"Israel",0,60,5,4,0,1,0,8,2
"Israel",1,41,3,7,0,1,0,8,3
"Israel",0,34,6,6,0,3,0,5,3
"Israel",1,46,7,5,0,0,0,10,3
"Israel",1,35,3,7,0,0,0,7,2
"Israel",0,44,6,2,0,3,0,5,3
"Israel",0,54,4,3,0,1,0,5,5
"Israel",0,38,4,2,0,0,0,9,8
"Israel",1,42,6,6,0,0,0,10,5
"Israel",1,31,4,7,0,1,0,8,2
"Israel",0,33,4,4,0,0,0,5,5
"Israel",1,31,6,4,0,4,0,7,5
"Israel",0,70,5,2,0,5,0,5,3
"Israel",0,63,7,3,0,2,0,8,8
"Israel",1,80,7,1,0,5,0,8,8
"Israel",0,67,2,1,0,4,0,6,5
"Israel",0,49,7,5,0,9,0,7,8
"Netherlands",1,54,3,8,0,3,1,5,5
"Netherlands",1,72,7,9,0,2,0,5,7
"Netherlands",1,30,7,8,0,6,0,6,5
"Netherlands",1,51,7,10,0,6,0,4,8
"Netherlands",1,63,3,5,0,5,1,7,7
"Netherlands",1,44,7,9,0,5,0,4,10
"Netherlands",1,44,2,5,0,5,0,4,0
"Netherlands",1,35,4,1,1,6,0,0,5
"Netherlands",0,36,7,7,0,5,0,2,6
"Netherlands",0,25,3,1,0,6,0,5,2
"Netherlands",1,73,6,4,0,5,0,2,5
"Netherlands",0,45,2,9,0,7,1,5,4
"Netherlands",1,51,2,2,0,3,0,8,7
"Netherlands",0,30,7,9,0,3,0,8,8
"Netherlands",1,50,2,5,0,7,0,0,5
"Netherlands",1,82,6,9,0,8,1,9,9
"Netherlands",0,49,6,10,0,3,1,3,6
"Netherlands",0,24,3,8,0,6,1,1,1
"Netherlands",0,23,4,7,0,4,1,6,6
"Netherlands",0,27,3,6,0,3,1,4,6
"Netherlands",1,62,7,7,0,3,0,4,5
"Netherlands",0,38,7,10,0,7,0,5,4
"Netherlands",0,61,7,6,1,3,0,7,5
"Netherlands",1,40,3,1,1,4,0,7,5
"Netherlands",1,70,7,7,0,8,0,1,5
"Netherlands",1,29,2,8,0,8,0,3,5
"Netherlands",0,66,6,8,0,6,0,5,5
"Netherlands",0,48,7,10,0,8,1,5,5
"Netherlands",0,70,2,7,0,7,0,4,6
"Netherlands",1,75,7,6,0,5,0,10,7
"Netherlands",0,77,3,4,0,5,1,0,0
"Netherlands",1,65,3,4,0,4,0,5,6
"Netherlands",1,26,7,6,0,6,0,10,7
"Netherlands",1,71,2,6,0,4,0,5,5
"Netherlands",1,68,2,7,0,7,0,1,5
"Netherlands",1,41,7,10,0,7,1,8,9
"Netherlands",0,67,2,9,0,3,0,5,8
"Netherlands",0,70,4,8,0,6,0,0,5
"Netherlands",0,51,3,5,0,6,0,3,5
"Netherlands",0,69,3,5,0,5,1,5,5
"Netherlands",0,31,5,6,0,4,0,5,4
"Netherlands",0,53,3,6,0,7,0,0,5
"Netherlands",1,27,2,4,0,5,1,2,7
"Netherlands",0,60,6,4,1,2,0,9,6
"Netherlands",0,78,2,5,0,7,0,7,6
"Netherlands",0,53,7,8,0,7,0,4,4
"Netherlands",1,67,1,6,0,6,1,2,6
"Netherlands",1,52,4,10,0,8,0,3,5
"Netherlands",0,33,3,3,0,5,0,7,1
"Netherlands",0,36,3,3,0,4,1,4,6
"Netherlands",1,69,7,10,0,9,0,8,7
"Netherlands",0,64,2,4,1,4,1,5,6
"Netherlands",0,54,7,8,0,1,0,8,8
"Netherlands",1,60,7,10,0,6,0,9,5
"Netherlands",1,59,3,9,0,8,0,7,8
"Netherlands",1,29,3,8,0,7,0,6,5
"Netherlands",0,60,2,3,0,5,1,7,7
"Netherlands",1,84,4,7,0,6,1,4,5
"Netherlands",1,28,3,4,0,7,1,7,3
"Netherlands",1,66,7,6,0,4,0,7,6
"Netherlands",1,75,1,2,0,6,1,0,5
"Netherlands",1,69,1,5,0,5,0,5,6
"Netherlands",0,49,2,7,0,6,0,6,5
"Netherlands",0,57,5,8,0,5,1,7,7
"Netherlands",1,44,6,9,0,6,0,5,5
"Netherlands",1,50,3,1,0,3,0,7,8
"Netherlands",1,77,2,10,0,10,0,3,5
"Netherlands",0,33,7,9,0,6,1,7,5
"Netherlands",1,60,7,6,0,6,1,2,5
"Netherlands",0,56,3,8,0,0,0,2,5
"Netherlands",0,48,3,4,0,1,0,7,5
"Netherlands",0,76,2,4,0,5,1,5,5
"Netherlands",0,30,7,10,0,5,1,6,5
"Netherlands",0,72,3,1,0,4,0,5,7
"Netherlands",1,70,7,5,0,6,0,1,5
"Netherlands",0,51,3,6,0,5,0,7,4
"Netherlands",0,37,3,10,0,4,0,7,5
"Netherlands",0,44,5,7,0,5,0,0,3
"Netherlands",0,34,4,8,0,4,0,2,5
"Netherlands",1,65,2,2,0,5,1,0,1
"Netherlands",1,42,6,7,0,2,1,5,9
"Netherlands",0,37,7,9,0,2,1,5,5
"Netherlands",0,28,2,2,0,1,0,5,3
"Netherlands",0,42,5,8,0,3,0,5,5
"Netherlands",1,26,6,6,0,3,0,6,5
"Netherlands",1,82,2,4,0,4,0,6,7
"Netherlands",0,43,3,8,0,6,0,3,4
"Netherlands",0,42,3,8,0,5,0,3,4
"Netherlands",0,44,3,3,0,5,0,2,1
"Netherlands",0,39,7,10,0,3,0,7,8
"Netherlands",1,41,3,8,0,10,0,5,5
"Netherlands",1,36,3,4,0,4,0,7,3
"Netherlands",1,56,7,9,0,8,0,4,5
"Netherlands",0,79,2,6,0,5,0,7,7
"Netherlands",1,29,7,6,0,8,0,9,8
"Netherlands",1,21,4,2,0,4,1,5,3
"Netherlands",1,71,7,5,0,6,0,3,5
"Netherlands",1,58,2,5,0,8,1,2,3
"Netherlands",1,45,2,6,0,5,0,2,3
"Netherlands",1,37,2,8,0,9,0,7,5
"Netherlands",0,70,2,3,0,2,0,7,3
"Netherlands",0,59,2,4,0,6,0,6,6
"Netherlands",1,65,7,10,0,3,0,7,8
"Netherlands",1,58,2,5,0,7,0,3,3
"Netherlands",1,29,6,10,0,4,0,0,3
"Netherlands",0,60,2,5,0,6,0,6,5
"Netherlands",1,24,6,6,0,8,0,7,3
"Netherlands",0,28,6,6,1,2,0,7,3
"Netherlands",1,60,5,3,1,2,0,2,7
"Netherlands",1,47,2,9,0,5,0,8,7
"Netherlands",1,29,4,7,0,7,0,1,4
"Netherlands",0,40,3,9,0,7,0,6,6
"Netherlands",1,61,3,7,0,2,0,2,5
"Netherlands",0,43,3,7,0,6,0,6,5
"Netherlands",1,28,3,7,0,7,1,6,3
"Netherlands",0,41,7,10,0,8,0,7,5
"Netherlands",0,60,5,6,0,5,0,7,6
"Netherlands",1,68,2,4,0,5,0,6,5
"Netherlands",1,36,3,4,0,7,0,3,5
"Netherlands",1,54,3,10,1,5,1,5,5
"Netherlands",0,57,2,6,0,4,0,1,5
"Netherlands",1,40,7,8,0,5,0,4,7
"Netherlands",0,19,3,9,0,2,0,2,3
"Netherlands",0,27,3,4,0,6,1,5,3
"Netherlands",1,70,6,7,0,2,1,8,8
"Netherlands",0,20,4,2,0,3,0,5,6
"Netherlands",0,38,6,9,0,6,1,6,6
"Netherlands",0,56,2,8,0,2,1,5,5
"Netherlands",1,20,2,6,0,5,0,5,7
"Netherlands",1,76,2,5,0,8,0,9,5
"Netherlands",1,47,3,4,0,5,1,5,4
"Netherlands",1,66,1,6,0,3,0,2,1
"Netherlands",1,78,7,7,0,3,0,9,7
"Netherlands",0,72,1,5,0,5,1,7,6
"Netherlands",1,56,6,8,0,8,0,3,5
"Netherlands",0,51,6,6,1,4,0,3,6
"Netherlands",0,36,1,8,0,6,0,7,4
"Netherlands",1,60,3,9,0,8,0,3,4
"Netherlands",0,36,3,10,1,5,0,5,2
"Netherlands",1,32,3,1,1,3,0,7,6
"Netherlands",1,62,7,9,0,7,0,2,7
"Netherlands",1,69,2,3,0,6,1,8,6
"Netherlands",1,21,4,10,0,9,0,4,5
"Netherlands",0,57,7,2,0,3,0,2,5
"Netherlands",1,29,3,7,0,5,1,6,3
"Netherlands",1,69,7,8,0,2,0,8,8
"Netherlands",0,38,3,8,0,5,1,6,4
"Netherlands",1,21,2,9,0,4,1,3,7
"Netherlands",0,52,2,1,1,5,0,0,3
"Netherlands",1,76,2,5,0,2,1,4,6
"Poland",1,52,2,1,0,0,0,10,7
"Poland",0,56,4,4,0,5,0,5,2
"Poland",1,32,4,4,0,9,1,9,1
"Poland",0,24,4,5,1,5,0,8,7
"Poland",0,34,4,5,0,5,0,5,5
"Poland",1,33,7,7,0,6,1,2,7
"Poland",1,32,4,7,0,8,0,10,6
"Poland",1,21,3,6,0,10,0,4,7
"Poland",0,18,2,7,0,3,0,8,9
"Poland",1,45,2,7,0,8,0,2,2
"Poland",0,44,6,5,0,2,0,5,5
"Poland",0,29,7,8,0,3,0,10,8
"Poland",0,38,4,5,0,5,0,7,6
"Poland",1,23,4,5,0,5,0,4,5
"Poland",0,51,2,4,0,8,1,3,2
"Poland",0,57,7,6,0,4,0,3,5
"Poland",1,19,2,3,0,5,1,8,5
"Poland",0,41,3,7,0,5,0,5,5
"Poland",0,66,5,7,0,3,0,5,5
"Poland",0,26,4,8,1,5,0,5,5
"Poland",0,33,4,10,0,5,1,10,9
"Poland",1,54,2,4,0,0,1,5,3
"Poland",1,60,2,4,0,9,0,2,8
"Poland",0,60,2,6,0,5,0,5,5
"Poland",0,28,3,5,0,5,0,5,5
"Poland",1,42,2,5,0,3,1,2,3
"Poland",1,40,4,7,0,7,0,7,5
"Poland",0,58,7,8,0,5,0,7,6
"Poland",1,83,3,5,0,6,0,7,3
"Poland",0,69,5,7,0,7,0,6,5
"Poland",0,35,7,9,0,7,0,1,3
"Poland",1,25,6,7,0,5,0,2,8
"Poland",1,66,6,9,0,5,0,8,8
"Poland",0,62,4,7,0,8,1,9,1
"Poland",0,46,4,8,0,10,0,1,1
"Poland",1,45,3,7,0,5,0,7,6
"Poland",0,42,2,7,0,3,1,4,9
"Poland",0,58,4,7,0,3,0,9,8
"Poland",0,56,6,1,1,7,0,5,8
"Poland",0,66,2,5,0,10,0,5,5
"Poland",1,80,4,6,0,3,1,9,7
"Poland",0,36,7,8,0,8,0,8,8
"Poland",1,32,7,4,0,5,0,3,7
"Poland",1,59,2,5,0,6,0,10,5
"Poland",1,34,4,5,0,8,1,3,5
"Poland",0,21,3,2,1,5,0,8,5
"Poland",1,36,2,4,0,5,0,4,7
"Poland",1,52,2,1,0,6,0,6,4
"Poland",0,41,4,4,0,5,0,5,5
"Poland",0,62,2,6,0,5,0,5,5
"Poland",1,26,6,7,0,7,1,2,5
"Poland",0,37,7,10,0,8,0,6,6
"Poland",1,56,4,3,0,7,1,5,4
"Poland",1,16,2,8,0,10,1,7,7
"Poland",0,45,7,9,0,9,0,5,5
"Poland",0,50,6,6,0,7,0,10,6
"Poland",0,56,2,8,0,10,0,3,4
"Poland",0,51,5,5,0,5,0,5,3
"Poland",0,42,7,7,0,7,0,7,9
"Poland",1,50,2,1,1,6,0,4,0
"Poland",1,70,4,3,0,3,1,7,10
"Poland",1,32,4,4,0,5,0,6,6
"Poland",1,19,2,2,0,5,0,3,0
"Poland",0,47,4,4,0,7,0,5,4
"Poland",1,25,7,10,0,2,0,8,5
"Poland",0,30,5,8,0,3,1,5,8
"Poland",1,15,2,10,0,4,1,6,7
"Poland",1,42,2,4,0,9,0,4,4
"Poland",0,18,3,3,0,8,0,4,5
"Poland",1,42,7,9,0,5,1,5,3
"Poland",0,36,4,5,0,5,0,5,4
"Poland",0,41,7,10,0,8,0,5,3
"Poland",0,61,7,10,0,0,0,10,10
"Poland",1,22,3,8,0,8,0,5,3
"Poland",0,23,6,6,0,4,0,5,8
"Poland",1,53,7,8,0,9,0,0,6
"Poland",0,48,3,6,0,10,0,8,7
"Poland",1,38,7,4,0,10,0,6,5
"Poland",0,74,5,5,0,10,0,6,1
"Poland",1,50,2,4,0,5,0,7,8
"Poland",0,44,5,8,0,5,0,7,5
"Poland",1,40,2,5,0,9,0,1,0
"Poland",1,50,2,5,0,9,0,5,6
"Poland",0,38,7,8,0,7,0,6,6
"Poland",0,75,2,4,0,10,0,5,4
"Poland",1,54,2,6,0,7,0,10,5
"Poland",0,48,4,9,0,8,0,7,5
"Poland",0,60,5,3,0,10,0,3,5
"Poland",1,62,5,9,0,8,0,9,5
"Poland",0,60,2,3,0,7,0,9,6
"Poland",0,70,1,3,0,1,0,0,0
"Poland",0,41,3,3,0,2,0,1,8
"Poland",1,36,3,7,0,6,0,8,5
"Poland",0,36,2,5,0,2,0,5,8
"Poland",0,33,2,7,0,8,0,9,6
"Poland",0,62,2,3,0,8,1,5,5
"Poland",0,21,4,2,0,5,0,5,7
"Poland",1,47,7,9,0,3,0,6,3
"Poland",0,65,5,7,0,5,0,5,1
"Poland",1,42,3,9,0,8,1,7,5
"Poland",1,39,4,8,0,4,0,5,4
"Poland",1,34,4,8,0,10,0,4,8
"Poland",1,37,3,7,0,5,0,6,7
"Poland",1,39,5,8,0,6,1,7,4
"Poland",1,19,3,9,0,8,0,3,3
"Poland",1,61,4,9,0,8,0,5,5
"Poland",1,48,2,4,0,7,1,3,7
"Poland",1,51,2,3,1,8,1,6,1
"Poland",1,30,2,3,0,6,0,9,2
"Poland",1,43,7,10,0,9,0,5,7
"Poland",0,19,2,4,0,5,0,5,3
"Poland",0,52,2,3,0,5,0,5,7
"Poland",1,74,2,7,0,5,0,9,5
"Poland",0,27,6,4,0,8,1,10,5
"Poland",1,35,4,7,0,8,0,9,8
"Poland",1,25,4,6,0,6,0,8,7
"Poland",1,27,2,4,1,8,0,6,2
"Poland",1,67,4,8,0,7,0,1,0
"Poland",0,51,5,7,0,3,0,1,6
"Poland",1,37,4,9,0,5,0,8,10
"Poland",0,56,2,7,0,5,0,5,5
"Poland",1,68,2,3,0,10,0,3,4
"Poland",1,60,2,2,0,5,1,6,6
"Poland",0,20,4,2,0,5,1,8,4
"Poland",0,25,7,6,0,5,1,8,4
"Poland",0,71,2,1,0,8,0,5,5
"Poland",1,62,3,3,0,5,0,10,5
"Poland",0,56,4,9,0,6,0,2,7
"Poland",1,59,5,9,0,7,1,5,6
"Poland",0,38,7,5,0,3,0,3,4
"Poland",1,56,2,5,0,0,1,2,2
"Poland",1,20,4,5,0,9,0,1,2
"Poland",1,65,6,1,0,3,0,8,5
"Poland",1,32,6,10,0,7,0,1,5
"Poland",1,48,2,4,1,7,0,5,5
"Poland",1,65,2,6,0,6,0,10,5
"Poland",1,62,2,4,0,5,1,6,0
"Poland",1,25,4,1,0,5,0,2,3
"Poland",0,32,4,9,0,5,0,8,3
"Poland",1,78,4,6,0,2,1,8,9
"Poland",0,45,7,9,0,5,0,2,8
"Poland",1,76,6,6,0,10,0,5,0
"Poland",1,55,2,2,0,5,0,6,4
"Poland",1,38,5,5,0,7,0,5,6
"Poland",1,29,4,8,0,5,0,5,6
"Poland",0,43,5,7,0,8,0,2,4
"Poland",1,29,4,8,0,8,0,5,6
"Poland",0,37,7,7,0,5,1,8,4
"Poland",0,23,6,9,0,5,0,7,5
"Poland",1,65,7,10,0,6,1,8,7
"Poland",1,20,4,10,0,8,1,3,2
"Poland",0,43,5,5,0,5,0,9,1
"Poland",1,36,2,6,0,5,0,6,8
"Poland",0,25,6,8,0,5,0,3,0
"Poland",1,40,7,10,0,5,1,5,5
"Poland",0,26,7,6,1,3,0,8,10
"Poland",0,55,2,3,0,9,0,7,1
"Poland",1,71,6,8,0,5,0,5,8
"Poland",1,46,1,5,0,3,0,7,5
"Poland",1,80,2,2,0,10,0,2,2
"Poland",0,34,7,7,0,6,0,6,5
"Poland",0,33,7,9,0,5,0,8,5
"Poland",1,57,2,1,1,0,0,2,5
"Poland",0,66,2,1,0,2,0,3,1
"Poland",0,47,6,7,0,5,0,7,2
"Poland",0,81,2,3,0,9,0,6,4
"Poland",1,34,4,8,0,8,0,5,7
"Poland",1,48,3,7,0,10,0,0,2
"Poland",1,67,2,8,0,10,1,10,4
"Poland",0,64,5,8,0,6,0,6,5
"Poland",0,28,7,6,0,10,0,6,1
"Poland",1,68,2,5,0,4,0,7,7
"Poland",1,20,4,8,0,4,0,8,6
"Poland",0,30,2,5,0,6,1,4,1
"Poland",0,15,1,9,0,7,1,7,4
"Poland",0,37,4,8,0,5,1,9,4
"Poland",0,30,3,6,0,3,1,7,5
"Poland",1,41,2,3,0,4,0,6,7
"Poland",1,64,2,4,0,5,0,5,5
"Poland",0,21,5,8,0,5,0,2,3
"Poland",1,29,2,9,0,5,0,6,6
"Poland",1,63,7,9,0,6,0,6,7
"Poland",1,42,2,7,0,8,0,6,5
"Poland",1,62,2,6,0,2,0,7,3
"Poland",1,67,2,5,0,10,0,5,1
"Poland",0,16,2,6,0,10,0,5,3
"Poland",1,51,5,5,0,8,0,2,3
"Poland",1,51,4,9,0,4,0,8,8
"Poland",0,18,2,10,0,5,0,6,5
"Poland",1,23,4,8,1,7,0,2,8
"Poland",0,19,4,3,0,5,1,3,5
"Poland",0,78,2,6,0,0,0,0,6
"Poland",0,72,3,1,0,8,1,0,10
"Poland",1,34,2,9,0,2,0,0,9
"Poland",1,68,7,6,0,3,0,9,7
"Poland",1,75,2,8,0,9,0,5,4
"Poland",0,60,4,5,0,8,0,2,7
"Poland",1,65,2,4,0,8,0,3,3
"Poland",1,67,4,3,0,5,0,0,7
"Poland",1,20,4,6,0,5,0,4,4
"Poland",0,18,2,6,0,5,0,5,6
"Poland",1,68,4,5,0,2,0,9,9
"Poland",0,31,7,5,0,5,1,2,0
"Poland",1,28,5,5,0,3,1,9,7
"Poland",1,26,5,3,0,7,0,3,7
"Poland",1,40,2,1,0,0,0,1,0
"Poland",1,21,3,7,0,10,1,6,6
"Poland",1,59,2,5,0,8,1,3,6
"Poland",1,28,2,4,0,5,1,8,3
"Poland",1,25,3,9,0,8,0,5,5
"Poland",0,72,2,2,0,8,0,6,8
"Poland",1,33,6,4,0,4,1,5,7
"Poland",1,22,3,3,0,5,0,0,5
"Poland",1,35,2,8,1,5,0,5,5
"Poland",0,41,7,5,0,7,0,4,2
"Poland",0,30,6,9,0,5,0,5,4
"Poland",0,54,7,4,0,5,0,10,9
"Poland",0,62,2,7,0,7,0,0,7
"Poland",0,22,4,4,0,10,0,3,5
"Poland",0,58,4,4,0,6,0,6,6
"Poland",1,67,2,8,0,5,0,5,5
"Poland",1,43,2,8,0,0,0,5,5
"Poland",1,32,6,3,0,3,1,7,6
"Poland",1,67,2,5,0,5,0,8,6
"Poland",1,55,4,6,1,5,0,4,7
"Poland",0,35,7,5,0,2,0,5,5
"Poland",1,24,4,8,0,10,0,3,5
"Poland",1,51,2,3,0,8,0,10,10
"Poland",1,60,4,6,0,4,1,10,8
"Poland",1,31,7,10,0,3,0,3,5
"Poland",0,16,2,8,0,6,0,6,7
"Poland",0,47,2,8,0,10,0,5,5
"Poland",0,34,7,4,0,5,0,8,5
"Poland",0,58,7,9,0,5,0,2,2
"Poland",0,71,2,10,0,7,0,8,3
"Poland",0,16,2,7,0,5,0,6,7
"Poland",0,34,7,9,0,6,0,6,6
"Poland",1,41,2,1,0,5,0,5,1
"Poland",1,45,2,5,0,5,0,5,5
"Poland",1,52,2,8,0,7,0,5,7
"Poland",1,43,7,10,0,5,0,5,6
"Poland",0,43,7,7,0,4,1,5,6
"Poland",0,26,5,9,0,4,0,4,5
"Poland",0,68,2,2,0,5,0,4,5
"Poland",1,19,2,6,0,8,0,4,7
"Poland",1,30,2,3,1,4,1,5,4
"Poland",0,76,2,5,0,5,0,2,3
"Poland",0,74,2,4,0,10,0,10,2
"Poland",0,62,2,7,0,5,0,2,5
"Poland",1,68,2,4,0,5,0,3,5
"Poland",0,65,7,4,0,5,0,6,5
"Poland",1,51,3,8,0,4,0,1,4
"Poland",1,63,2,2,0,5,0,5,5
"Poland",0,27,2,7,0,4,0,6,2
"Poland",0,27,2,5,1,3,1,6,5
"Poland",0,57,3,2,0,0,0,8,4
"Poland",1,55,7,6,0,5,0,7,8
"Poland",1,28,3,8,0,4,0,6,4
"Poland",0,43,6,2,0,0,0,8,7
"Poland",1,60,2,9,0,5,0,8,8
"Poland",0,47,5,8,0,3,1,8,5
"Poland",0,80,2,1,0,10,0,4,5
"Poland",1,80,2,1,0,7,0,5,5
"Poland",1,31,4,8,0,5,0,5,5
"Poland",1,74,2,7,0,10,0,6,2
"Poland",1,70,4,5,0,8,0,2,6
"Poland",0,40,7,3,0,9,0,0,7
"Poland",1,55,2,1,1,5,0,5,2
"Poland",0,23,4,7,0,4,0,6,5
"Poland",0,20,4,8,1,8,0,2,3
"Poland",0,32,7,5,0,7,0,7,6
"Poland",1,75,2,3,0,8,1,8,5
"Poland",1,69,2,3,0,4,1,6,3
"Poland",1,58,2,5,0,7,0,4,3
"Poland",0,35,2,3,0,10,0,4,4
"Poland",1,36,7,7,0,8,0,10,10
"Poland",0,70,5,3,0,0,1,5,5
"Poland",1,32,2,9,0,6,0,5,4
"Poland",1,36,3,6,0,7,0,0,5
"Poland",1,66,2,3,0,3,0,7,3
"Poland",1,29,7,10,0,6,0,5,5
"Poland",1,43,2,3,0,5,0,6,4
"Poland",1,53,2,6,0,7,0,8,6
"Poland",1,70,7,10,0,5,0,5,6
"Poland",0,38,7,8,0,5,0,5,5
"Poland",0,51,2,1,0,6,0,6,5
"Poland",0,24,7,8,0,5,1,8,4
"Poland",0,71,4,5,0,8,0,10,3
"Poland",0,62,3,3,0,10,0,2,2
"Poland",1,56,2,7,0,5,1,7,9
"Poland",1,52,2,5,0,5,0,5,6
"Poland",0,61,2,5,0,2,0,3,3
"Poland",0,48,2,5,0,1,0,9,2
"Poland",0,55,5,10,0,4,0,6,3
"Poland",1,61,4,5,0,6,1,5,6
"Poland",0,62,7,8,0,0,1,10,10
"Poland",0,62,2,5,0,6,1,7,6
"Poland",1,37,4,10,0,5,1,5,5
"Poland",1,37,7,5,0,4,0,8,8
"Poland",1,71,7,8,0,2,0,5,6
"Poland",0,48,4,4,0,3,0,4,8
"Poland",0,53,2,3,0,8,0,8,3
"Poland",0,64,2,3,0,9,1,8,7
"Poland",0,33,4,5,0,3,0,8,6
"Poland",1,15,1,4,0,7,0,5,8
"Poland",0,40,4,6,0,4,0,0,4
"Poland",1,64,2,5,0,10,0,5,4
"Poland",1,30,6,5,0,6,1,3,2
"Poland",1,58,2,5,0,5,0,5,6
"Poland",1,46,7,6,0,4,0,4,5
"Poland",1,42,2,10,0,5,0,1,1
"Poland",1,83,4,5,0,1,0,10,8
"Poland",1,44,6,8,0,10,0,7,8
"Poland",1,38,4,6,0,10,0,5,2
"Poland",1,24,3,2,0,5,0,0,10
"Poland",0,79,4,4,0,3,0,2,3
"Poland",1,29,4,10,0,6,0,7,5
"Poland",1,32,4,6,0,10,0,1,3
"Poland",1,41,2,6,0,5,0,10,5
"Poland",0,23,6,8,0,10,1,8,5
"Poland",1,40,2,3,1,5,0,5,8
"Poland",1,31,2,6,0,5,0,5,5
"Poland",1,28,3,5,0,6,0,4,7
"Poland",1,34,7,8,0,5,0,7,10
"Poland",0,49,7,10,0,3,0,5,8
"Poland",1,35,3,2,0,5,0,6,6
"Poland",0,55,4,6,0,2,0,10,8
"Poland",0,55,2,3,0,10,1,4,4
"Poland",1,36,4,8,1,5,0,7,8
"Poland",1,70,2,4,0,1,0,6,8
"Poland",1,53,2,7,0,6,1,6,10
"Poland",0,39,2,6,0,5,0,4,5
"Poland",0,62,2,9,0,10,0,5,5
"Poland",0,36,2,1,1,8,1,9,7
"Poland",0,17,2,7,0,7,0,7,2
"Poland",1,42,7,8,0,4,0,6,6
"Poland",1,54,2,1,0,5,0,7,5
"Poland",1,15,1,9,0,5,0,9,7
"Poland",0,58,5,4,0,4,0,7,8
"Poland",1,61,7,7,0,5,1,8,5
"Poland",0,20,4,1,0,4,0,0,4
"Poland",1,61,4,5,0,10,0,5,5
"Poland",1,81,4,5,0,2,0,6,3
"Poland",1,15,1,7,0,4,0,5,4
"Poland",1,24,6,7,0,4,0,6,5
